Link,n_hits,all_links,category,id,url,hs_path,profile,permalink,created_at,sic_code,service_area,hours,products,services,brands,specialities,established,employee_cnt,payment_method,diplomas,licenses,memberships,liability_insurance,bonded,project_rate,project_minimum,written_contract,written_warranty,warranty_terms,parent_company_id,name,total_number_of_reviews_cache,total_number_of_approved_reviews_cache,number_of_photos_cache,avg_rating_cache,categories_info_cache,savings_count,claimed_at,fraudulent,fraudulent_count,total_number_of_pending_reviews_cache,images_count,completion_percent_cache,bully,secret,replied_to_at_least_one_review_cache,has_set_tasks,lead_purchase_eligible,service_area_id,star_score,quote_button_category,direct_phone,direct_contact,latest_approved_review_created_at
https://homestars.com/on/regina/computer-repairs-service,37,"c(""https://homestars.com/on/regina/computer-repairs-service?&page=2&"", ""https://homestars.com/on/regina/computer-repairs-service?&page=3&"", ""https://homestars.com/on/regina/computer-repairs-service?&page=4&"")",Computer Repairs and Support,2942628,https://www.realconnectionitservices.com,/companies/2942628-real-connection-it-services?searched_category_id=335&service_area=2223081,"Hello, Real Connection IT Services is an independent freelance IT Specialist. From your smartphone to your office PC's, Real Connection offers support for household devices, small business's networks, and even basic IT consulting and call support. Real Connection was created in 2020 after I graduated from Sask PolyTech with its ""Computer Networking Technician"" Certificate. During my schooling had an amazing opportunity to be a web developer for multiple companies across Canada. From my past qualifications and experience, I am confident in providing quality IT Services (Repair, Setups, Consulting) and extremely affordable pricing compared to other companies in the Regina Area. 


Services Provided
------------------------------------------


Virus Removal
Laptop Repair
Factory Resetting Computers
Initial Setup Of New Devices
Hardware Repair On Household PC's
Basic Computer Troubleshooting
Education On How To Use A Computer
Application/Program Installation

If you have any questions or wondering if I can help with something that isn't on this list, Feel free to call or text (306) 541-8292

Or Email at:
realconnectionitservices@gmail.com
",real-connection-it-services,2020-04-22T13:02:06.000-04:00,NA,NA,NA,NA,NA,NA,NA,NA,NA,NA,NA,NA,NA,FALSE,FALSE,NA,NA,FALSE,FALSE,NA,2004802,Real Connection IT Services,0,0,4,NA,"Computer Repairs and Support, Computer Tech Support, Computer Technical Support, Computer Network Support, Online Computer Support, Computer Repair, it services, it repair, computers it, it support, support it, support in it, it maintenance, it repairs, it service and support. it support service, it service support, it support services, support services it, it support and services, it services and support, data recovery, how to repair computer, computer repair computer repair, it computer repair, a computer repair, repair computer, computer repair in, tech support, pc repair, repair pc, a pc repair, computer repair pc, computer pc repair, pc computer repair, fix pc, pc fix, fix it pc, pc fix it, computer fix it, fix it computer, fix computer, computer fix, a computer fix, pc & laptop, repairs computer, virus removal, virus in computer, ,",0,2020-04-22T13:02:11.000-04:00,FALSE,0,0,5,0,FALSE,78590e944153adf1a5ddc558d0a2b9e5e3498b16,FALSE,TRUE,FALSE,2223081,0,335,NA,NA,NA
https://homestars.com/on/regina/computer-repairs-service,37,"c(""https://homestars.com/on/regina/computer-repairs-service?&page=2&"", ""https://homestars.com/on/regina/computer-repairs-service?&page=3&"", ""https://homestars.com/on/regina/computer-repairs-service?&page=4&"")",Computer Repairs and Support,2858172,NA,/companies/2858172-mit-solutions?searched_category_id=335&service_area=1987445,NA,mit-solutions,2014-08-23T01:23:14.000-04:00,NA,NA,NA,NA,NA,NA,NA,NA,NA,NA,NA,NA,NA,FALSE,FALSE,NA,NA,FALSE,FALSE,NA,1920602,MIT Solutions,1,1,0,8,"Computer Repairs and Support, Computer Tech Support, Computer Technical Support, Computer Network Support, Online Computer Support, Computer Repair, it services, it repair, computers it, it support, support it, support in it, it maintenance, it repairs, it service and support. it support service, it service support, it support services, support services it, it support and services, it services and support, data recovery, how to repair computer, computer repair computer repair, it computer repair, a computer repair, repair computer, computer repair in, tech support, pc repair, repair pc, a pc repair, computer repair pc, computer pc repair, pc computer repair, fix pc, pc fix, fix it pc, pc fix it, computer fix it, fix it computer, fix computer, computer fix, a computer fix, pc & laptop, repairs computer, virus removal, virus in computer, ,",0,NA,FALSE,0,0,0,0,FALSE,NA,FALSE,FALSE,FALSE,1987445,32.3714285714,335,NA,NA,2014-08-23T01:25:23.000-04:00
https://homestars.com/on/regina/computer-repairs-service,37,"c(""https://homestars.com/on/regina/computer-repairs-service?&page=2&"", ""https://homestars.com/on/regina/computer-repairs-service?&page=3&"", ""https://homestars.com/on/regina/computer-repairs-service?&page=4&"")",Computer Repairs and Support,2665004,NA,/companies/2665004-pc-tech?searched_category_id=335&service_area=1678208,NA,pc-tech,2008-03-04T16:55:15.000-05:00,NA,NA,NA,NA,NA,NA,NA,NA,NA,NA,NA,NA,NA,FALSE,FALSE,NA,NA,FALSE,FALSE,NA,1728056,Pc Tech,0,0,0,NA,"Computer Repairs and Support, Computer Tech Support, Computer Technical Support, Computer Network Support, Online Computer Support, Computer Repair, it services, it repair, computers it, it support, support it, support in it, it maintenance, it repairs, it service and support. it support service, it service support, it support services, support services it, it support and services, it services and support, data recovery, how to repair computer, computer repair computer repair, it computer repair, a computer repair, repair computer, computer repair in, tech support, pc repair, repair pc, a pc repair, computer repair pc, computer pc repair, pc computer repair, fix pc, pc fix, fix it pc, pc fix it, computer fix it, fix it computer, fix computer, computer fix, a computer fix, pc & laptop, repairs computer, virus removal, virus in computer, ,",0,NA,FALSE,0,0,0,NA,FALSE,NA,FALSE,FALSE,FALSE,1678208,0,335,NA,NA,NA
https://homestars.com/on/regina/computer-repairs-service,37,"c(""https://homestars.com/on/regina/computer-repairs-service?&page=2&"", ""https://homestars.com/on/regina/computer-repairs-service?&page=3&"", ""https://homestars.com/on/regina/computer-repairs-service?&page=4&"")",Computer Repairs and Support,2668450,NA,/companies/2668450-reginatech?searched_category_id=335&service_area=1681654,NA,reginatech,2008-03-04T16:55:15.000-05:00,NA,NA,NA,NA,NA,NA,NA,NA,NA,NA,NA,NA,NA,FALSE,FALSE,NA,NA,FALSE,FALSE,NA,1731502,Reginatech,0,0,0,NA,"Computer Repairs and Support, Computer Tech Support, Computer Technical Support, Computer Network Support, Online Computer Support, Computer Repair, it services, it repair, computers it, it support, support it, support in it, it maintenance, it repairs, it service and support. it support service, it service support, it support services, support services it, it support and services, it services and support, data recovery, how to repair computer, computer repair computer repair, it computer repair, a computer repair, repair computer, computer repair in, tech support, pc repair, repair pc, a pc repair, computer repair pc, computer pc repair, pc computer repair, fix pc, pc fix, fix it pc, pc fix it, computer fix it, fix it computer, fix computer, computer fix, a computer fix, pc & laptop, repairs computer, virus removal, virus in computer, ,",0,NA,FALSE,0,0,0,NA,FALSE,NA,FALSE,FALSE,FALSE,1681654,0,335,NA,NA,NA
https://homestars.com/on/regina/computer-repairs-service,37,"c(""https://homestars.com/on/regina/computer-repairs-service?&page=2&"", ""https://homestars.com/on/regina/computer-repairs-service?&page=3&"", ""https://homestars.com/on/regina/computer-repairs-service?&page=4&"")",Computer Repairs and Support,2673236,NA,/companies/2673236-the-computer-clinic-of-canada-inc?searched_category_id=335&service_area=1686440,NA,the-computer-clinic-of-canada-inc,2008-03-04T16:55:15.000-05:00,NA,NA,NA,NA,NA,NA,NA,NA,NA,NA,NA,NA,NA,FALSE,FALSE,NA,NA,FALSE,FALSE,NA,1736288,The Computer Clinic Of Canada Inc,0,0,0,NA,"Computer Repairs and Support, Computer Tech Support, Computer Technical Support, Computer Network Support, Online Computer Support, Computer Repair, it services, it repair, computers it, it support, support it, support in it, it maintenance, it repairs, it service and support. it support service, it service support, it support services, support services it, it support and services, it services and support, data recovery, how to repair computer, computer repair computer repair, it computer repair, a computer repair, repair computer, computer repair in, tech support, pc repair, repair pc, a pc repair, computer repair pc, computer pc repair, pc computer repair, fix pc, pc fix, fix it pc, pc fix it, computer fix it, fix it computer, fix computer, computer fix, a computer fix, pc & laptop, repairs computer, virus removal, virus in computer, ,",0,NA,FALSE,0,0,0,NA,FALSE,NA,FALSE,FALSE,FALSE,1686440,0,335,NA,NA,NA
https://homestars.com/on/regina/computer-repairs-service,37,"c(""https://homestars.com/on/regina/computer-repairs-service?&page=2&"", ""https://homestars.com/on/regina/computer-repairs-service?&page=3&"", ""https://homestars.com/on/regina/computer-repairs-service?&page=4&"")",Computer Repairs and Support,2618849,NA,/companies/2618849-advanced-datasystems-ltd?searched_category_id=335&service_area=1632053,NA,advanced-datasystems-ltd,2008-03-04T16:55:15.000-05:00,NA,NA,NA,NA,NA,NA,NA,NA,NA,NA,NA,NA,NA,FALSE,FALSE,NA,NA,FALSE,FALSE,NA,1681901,Advanced Datasystems Ltd,0,0,0,NA,"Computer Repairs and Support, Computer Tech Support, Computer Technical Support, Computer Network Support, Online Computer Support, Computer Repair, it services, it repair, computers it, it support, support it, support in it, it maintenance, it repairs, it service and support. it support service, it service support, it support services, support services it, it support and services, it services and support, data recovery, how to repair computer, computer repair computer repair, it computer repair, a computer repair, repair computer, computer repair in, tech support, pc repair, repair pc, a pc repair, computer repair pc, computer pc repair, pc computer repair, fix pc, pc fix, fix it pc, pc fix it, computer fix it, fix it computer, fix computer, computer fix, a computer fix, pc & laptop, repairs computer, virus removal, virus in computer, ,",0,NA,FALSE,0,0,0,NA,FALSE,NA,FALSE,FALSE,FALSE,1632053,0,335,NA,NA,NA
https://homestars.com/on/regina/computer-repairs-service,37,"c(""https://homestars.com/on/regina/computer-repairs-service?&page=2&"", ""https://homestars.com/on/regina/computer-repairs-service?&page=3&"", ""https://homestars.com/on/regina/computer-repairs-service?&page=4&"")",Computer Repairs and Support,2623438,NA,/companies/2623438-avd-pc1-computer-service?searched_category_id=335&service_area=1636642,NA,avd-pc1-computer-service,2008-03-04T16:55:15.000-05:00,NA,NA,NA,NA,NA,NA,NA,NA,NA,NA,NA,NA,NA,FALSE,FALSE,NA,NA,FALSE,FALSE,NA,1686490,AVD PC1 Computer Service,0,0,0,NA,"Computer Repairs and Support, Computer Tech Support, Computer Technical Support, Computer Network Support, Online Computer Support, Computer Repair, it services, it repair, computers it, it support, support it, support in it, it maintenance, it repairs, it service and support. it support service, it service support, it support services, support services it, it support and services, it services and support, data recovery, how to repair computer, computer repair computer repair, it computer repair, a computer repair, repair computer, computer repair in, tech support, pc repair, repair pc, a pc repair, computer repair pc, computer pc repair, pc computer repair, fix pc, pc fix, fix it pc, pc fix it, computer fix it, fix it computer, fix computer, computer fix, a computer fix, pc & laptop, repairs computer, virus removal, virus in computer, ,",0,NA,FALSE,0,0,0,NA,FALSE,NA,FALSE,FALSE,FALSE,1636642,0,335,NA,NA,NA
https://homestars.com/on/regina/computer-repairs-service,37,"c(""https://homestars.com/on/regina/computer-repairs-service?&page=2&"", ""https://homestars.com/on/regina/computer-repairs-service?&page=3&"", ""https://homestars.com/on/regina/computer-repairs-service?&page=4&"")",Computer Repairs and Support,2668455,NA,/companies/2668455-renewed-technology-ltd?searched_category_id=335&service_area=1681659,NA,renewed-technology-ltd,2008-03-04T16:55:15.000-05:00,NA,NA,NA,NA,NA,NA,NA,NA,NA,NA,NA,NA,NA,FALSE,FALSE,NA,NA,FALSE,FALSE,NA,1731507,Renewed Technology Ltd,0,0,0,NA,"Computer Repairs and Support, Computer Tech Support, Computer Technical Support, Computer Network Support, Online Computer Support, Computer Repair, it services, it repair, computers it, it support, support it, support in it, it maintenance, it repairs, it service and support. it support service, it service support, it support services, support services it, it support and services, it services and support, data recovery, how to repair computer, computer repair computer repair, it computer repair, a computer repair, repair computer, computer repair in, tech support, pc repair, repair pc, a pc repair, computer repair pc, computer pc repair, pc computer repair, fix pc, pc fix, fix it pc, pc fix it, computer fix it, fix it computer, fix computer, computer fix, a computer fix, pc & laptop, repairs computer, virus removal, virus in computer, ,",0,NA,FALSE,0,0,0,NA,FALSE,NA,FALSE,FALSE,FALSE,1681659,0,335,NA,NA,NA
https://homestars.com/on/regina/computer-repairs-service,37,"c(""https://homestars.com/on/regina/computer-repairs-service?&page=2&"", ""https://homestars.com/on/regina/computer-repairs-service?&page=3&"", ""https://homestars.com/on/regina/computer-repairs-service?&page=4&"")",Computer Repairs and Support,2667759,NA,/companies/2667759-rce?searched_category_id=335&service_area=1680963,NA,rce,2008-03-04T16:55:15.000-05:00,NA,NA,NA,NA,NA,NA,NA,NA,NA,NA,NA,NA,NA,FALSE,FALSE,NA,NA,FALSE,FALSE,NA,1730811,Rce,0,0,0,NA,"Computer Repairs and Support, Computer Tech Support, Computer Technical Support, Computer Network Support, Online Computer Support, Computer Repair, it services, it repair, computers it, it support, support it, support in it, it maintenance, it repairs, it service and support. it support service, it service support, it support services, support services it, it support and services, it services and support, data recovery, how to repair computer, computer repair computer repair, it computer repair, a computer repair, repair computer, computer repair in, tech support, pc repair, repair pc, a pc repair, computer repair pc, computer pc repair, pc computer repair, fix pc, pc fix, fix it pc, pc fix it, computer fix it, fix it computer, fix computer, computer fix, a computer fix, pc & laptop, repairs computer, virus removal, virus in computer, ,",0,NA,FALSE,0,0,0,NA,FALSE,NA,FALSE,FALSE,FALSE,1680963,0,335,NA,NA,NA
https://homestars.com/on/regina/computer-repairs-service,37,"c(""https://homestars.com/on/regina/computer-repairs-service?&page=2&"", ""https://homestars.com/on/regina/computer-repairs-service?&page=3&"", ""https://homestars.com/on/regina/computer-repairs-service?&page=4&"")",Computer Repairs and Support,2661185,NA,/companies/2661185-network-innovations-sask-inc?searched_category_id=335&service_area=1674389,NA,network-innovations-sask-inc,2008-03-04T16:55:15.000-05:00,NA,NA,NA,NA,NA,NA,NA,NA,NA,NA,NA,NA,NA,FALSE,FALSE,NA,NA,FALSE,FALSE,NA,1724237,Network Innovations (Sask) Inc,0,0,0,NA,"Computer Repairs and Support, Computer Tech Support, Computer Technical Support, Computer Network Support, Online Computer Support, Computer Repair, it services, it repair, computers it, it support, support it, support in it, it maintenance, it repairs, it service and support. it support service, it service support, it support services, support services it, it support and services, it services and support, data recovery, how to repair computer, computer repair computer repair, it computer repair, a computer repair, repair computer, computer repair in, tech support, pc repair, repair pc, a pc repair, computer repair pc, computer pc repair, pc computer repair, fix pc, pc fix, fix it pc, pc fix it, computer fix it, fix it computer, fix computer, computer fix, a computer fix, pc & laptop, repairs computer, virus removal, virus in computer, ,",0,NA,FALSE,0,0,0,NA,FALSE,NA,FALSE,FALSE,FALSE,1674389,0,335,NA,NA,NA
https://homestars.com/on/regina/computer-repairs-service,37,"c(""https://homestars.com/on/regina/computer-repairs-service?&page=2&"", ""https://homestars.com/on/regina/computer-repairs-service?&page=3&"", ""https://homestars.com/on/regina/computer-repairs-service?&page=4&"")",Computer Repairs and Support,2664362,NA,/companies/2664362-pc-place?searched_category_id=335&service_area=1677566,NA,pc-place,2008-03-04T16:55:15.000-05:00,NA,NA,NA,NA,NA,NA,NA,NA,NA,NA,NA,NA,NA,FALSE,FALSE,NA,NA,FALSE,FALSE,NA,1727414,PC Place,0,0,0,NA,"Computer Repairs and Support, Computer Tech Support, Computer Technical Support, Computer Network Support, Online Computer Support, Computer Repair, it services, it repair, computers it, it support, support it, support in it, it maintenance, it repairs, it service and support. it support service, it service support, it support services, support services it, it support and services, it services and support, data recovery, how to repair computer, computer repair computer repair, it computer repair, a computer repair, repair computer, computer repair in, tech support, pc repair, repair pc, a pc repair, computer repair pc, computer pc repair, pc computer repair, fix pc, pc fix, fix it pc, pc fix it, computer fix it, fix it computer, fix computer, computer fix, a computer fix, pc & laptop, repairs computer, virus removal, virus in computer, ,",0,NA,FALSE,0,0,0,NA,FALSE,NA,FALSE,FALSE,FALSE,1677566,0,335,NA,NA,NA
https://homestars.com/on/regina/computer-repairs-service,37,"c(""https://homestars.com/on/regina/computer-repairs-service?&page=2&"", ""https://homestars.com/on/regina/computer-repairs-service?&page=3&"", ""https://homestars.com/on/regina/computer-repairs-service?&page=4&"")",Computer Repairs and Support,2668446,NA,/companies/2668446-reddecomp-technical-services?searched_category_id=335&service_area=1681650,NA,reddecomp-technical-services,2008-03-04T16:55:15.000-05:00,NA,NA,NA,NA,NA,NA,NA,NA,NA,NA,NA,NA,NA,FALSE,FALSE,NA,NA,FALSE,FALSE,NA,1731498,Reddecomp Technical Services,0,0,0,NA,"Computer Repairs and Support, Computer Tech Support, Computer Technical Support, Computer Network Support, Online Computer Support, Computer Repair, it services, it repair, computers it, it support, support it, support in it, it maintenance, it repairs, it service and support. it support service, it service support, it support services, support services it, it support and services, it services and support, data recovery, how to repair computer, computer repair computer repair, it computer repair, a computer repair, repair computer, computer repair in, tech support, pc repair, repair pc, a pc repair, computer repair pc, computer pc repair, pc computer repair, fix pc, pc fix, fix it pc, pc fix it, computer fix it, fix it computer, fix computer, computer fix, a computer fix, pc & laptop, repairs computer, virus removal, virus in computer, ,",0,NA,FALSE,0,0,0,NA,FALSE,NA,FALSE,FALSE,FALSE,1681650,0,335,NA,NA,NA
https://homestars.com/on/regina/computer-repairs-service,37,"c(""https://homestars.com/on/regina/computer-repairs-service?&page=2&"", ""https://homestars.com/on/regina/computer-repairs-service?&page=3&"", ""https://homestars.com/on/regina/computer-repairs-service?&page=4&"")",Computer Repairs and Support,2666528,NA,/companies/2666528-prairie-micro-works?searched_category_id=335&service_area=1679732,NA,prairie-micro-works,2008-03-04T16:55:15.000-05:00,NA,NA,NA,NA,NA,NA,NA,NA,NA,NA,NA,NA,NA,FALSE,FALSE,NA,NA,FALSE,FALSE,NA,1729580,Prairie Micro Works,0,0,0,NA,"Computer Repairs and Support, Computer Tech Support, Computer Technical Support, Computer Network Support, Online Computer Support, Computer Repair, it services, it repair, computers it, it support, support it, support in it, it maintenance, it repairs, it service and support. it support service, it service support, it support services, support services it, it support and services, it services and support, data recovery, how to repair computer, computer repair computer repair, it computer repair, a computer repair, repair computer, computer repair in, tech support, pc repair, repair pc, a pc repair, computer repair pc, computer pc repair, pc computer repair, fix pc, pc fix, fix it pc, pc fix it, computer fix it, fix it computer, fix computer, computer fix, a computer fix, pc & laptop, repairs computer, virus removal, virus in computer, ,",0,NA,FALSE,0,0,0,NA,FALSE,NA,FALSE,FALSE,FALSE,1679732,0,335,NA,NA,NA
https://homestars.com/on/regina/computer-repairs-service,37,"c(""https://homestars.com/on/regina/computer-repairs-service?&page=2&"", ""https://homestars.com/on/regina/computer-repairs-service?&page=3&"", ""https://homestars.com/on/regina/computer-repairs-service?&page=4&"")",Computer Repairs and Support,2669056,NA,/companies/2669056-rogers-wireless?searched_category_id=335&service_area=1682260,NA,rogers-wireless,2008-03-04T16:55:15.000-05:00,NA,NA,NA,NA,NA,NA,NA,NA,NA,NA,NA,NA,NA,FALSE,FALSE,NA,NA,FALSE,FALSE,NA,1732108,Rogers Wireless,0,0,0,NA,"Computer Repairs and Support, Computer Tech Support, Computer Technical Support, Computer Network Support, Online Computer Support, Computer Repair, it services, it repair, computers it, it support, support it, support in it, it maintenance, it repairs, it service and support. it support service, it service support, it support services, support services it, it support and services, it services and support, data recovery, how to repair computer, computer repair computer repair, it computer repair, a computer repair, repair computer, computer repair in, tech support, pc repair, repair pc, a pc repair, computer repair pc, computer pc repair, pc computer repair, fix pc, pc fix, fix it pc, pc fix it, computer fix it, fix it computer, fix computer, computer fix, a computer fix, pc & laptop, repairs computer, virus removal, virus in computer, ,",0,NA,FALSE,0,0,0,NA,FALSE,NA,FALSE,FALSE,FALSE,1682260,0,335,NA,NA,NA
https://homestars.com/on/regina/computer-repairs-service,37,"c(""https://homestars.com/on/regina/computer-repairs-service?&page=2&"", ""https://homestars.com/on/regina/computer-repairs-service?&page=3&"", ""https://homestars.com/on/regina/computer-repairs-service?&page=4&"")",Computer Repairs and Support,2670512,NA,/companies/2670512-soroc-technology-inc?searched_category_id=335&service_area=1683716,NA,soroc-technology-inc,2008-03-04T16:55:15.000-05:00,NA,NA,NA,NA,NA,NA,NA,NA,NA,NA,NA,NA,NA,FALSE,FALSE,NA,NA,FALSE,FALSE,NA,1733564,Soroc Technology Inc,0,0,0,NA,"Computer Repairs and Support, Computer Tech Support, Computer Technical Support, Computer Network Support, Online Computer Support, Computer Repair, it services, it repair, computers it, it support, support it, support in it, it maintenance, it repairs, it service and support. it support service, it service support, it support services, support services it, it support and services, it services and support, data recovery, how to repair computer, computer repair computer repair, it computer repair, a computer repair, repair computer, computer repair in, tech support, pc repair, repair pc, a pc repair, computer repair pc, computer pc repair, pc computer repair, fix pc, pc fix, fix it pc, pc fix it, computer fix it, fix it computer, fix computer, computer fix, a computer fix, pc & laptop, repairs computer, virus removal, virus in computer, ,",0,NA,FALSE,0,0,0,NA,FALSE,NA,FALSE,FALSE,FALSE,1683716,0,335,NA,NA,NA
https://homestars.com/on/regina/computer-repairs-service,37,"c(""https://homestars.com/on/regina/computer-repairs-service?&page=2&"", ""https://homestars.com/on/regina/computer-repairs-service?&page=3&"", ""https://homestars.com/on/regina/computer-repairs-service?&page=4&"")",Computer Repairs and Support,2670512,NA,/companies/2670512-soroc-technology-inc?searched_category_id=335&service_area=1683716,NA,soroc-technology-inc,2008-03-04T16:55:15.000-05:00,NA,NA,NA,NA,NA,NA,NA,NA,NA,NA,NA,NA,NA,FALSE,FALSE,NA,NA,FALSE,FALSE,NA,1733564,Soroc Technology Inc,0,0,0,NA,"Computer Repairs and Support, Computer Tech Support, Computer Technical Support, Computer Network Support, Online Computer Support, Computer Repair, it services, it repair, computers it, it support, support it, support in it, it maintenance, it repairs, it service and support. it support service, it service support, it support services, support services it, it support and services, it services and support, data recovery, how to repair computer, computer repair computer repair, it computer repair, a computer repair, repair computer, computer repair in, tech support, pc repair, repair pc, a pc repair, computer repair pc, computer pc repair, pc computer repair, fix pc, pc fix, fix it pc, pc fix it, computer fix it, fix it computer, fix computer, computer fix, a computer fix, pc & laptop, repairs computer, virus removal, virus in computer, ,",0,NA,FALSE,0,0,0,NA,FALSE,NA,FALSE,FALSE,FALSE,1683716,-1.0,335,NA,NA,NA
https://homestars.com/on/regina/computer-repairs-service,37,"c(""https://homestars.com/on/regina/computer-repairs-service?&page=2&"", ""https://homestars.com/on/regina/computer-repairs-service?&page=3&"", ""https://homestars.com/on/regina/computer-repairs-service?&page=4&"")",Computer Repairs and Support,2674723,NA,/companies/2674723-western-technologies?searched_category_id=335&service_area=1687927,NA,western-technologies,2008-03-04T16:55:15.000-05:00,NA,NA,NA,NA,NA,NA,NA,NA,NA,NA,NA,NA,NA,FALSE,FALSE,NA,NA,FALSE,FALSE,NA,1737775,Western Technologies,0,0,0,NA,"Computer Repairs and Support, Computer Tech Support, Computer Technical Support, Computer Network Support, Online Computer Support, Computer Repair, it services, it repair, computers it, it support, support it, support in it, it maintenance, it repairs, it service and support. it support service, it service support, it support services, support services it, it support and services, it services and support, data recovery, how to repair computer, computer repair computer repair, it computer repair, a computer repair, repair computer, computer repair in, tech support, pc repair, repair pc, a pc repair, computer repair pc, computer pc repair, pc computer repair, fix pc, pc fix, fix it pc, pc fix it, computer fix it, fix it computer, fix computer, computer fix, a computer fix, pc & laptop, repairs computer, virus removal, virus in computer, ,",0,NA,FALSE,0,0,0,NA,FALSE,NA,FALSE,FALSE,FALSE,1687927,0,335,NA,NA,NA
https://homestars.com/on/regina/computer-repairs-service,37,"c(""https://homestars.com/on/regina/computer-repairs-service?&page=2&"", ""https://homestars.com/on/regina/computer-repairs-service?&page=3&"", ""https://homestars.com/on/regina/computer-repairs-service?&page=4&"")",Computer Repairs and Support,2668449,NA,/companies/2668449-regina-computer-exchange-inc?searched_category_id=335&service_area=1681653,NA,regina-computer-exchange-inc,2008-03-04T16:55:15.000-05:00,NA,NA,NA,NA,NA,NA,NA,NA,NA,NA,NA,NA,NA,FALSE,FALSE,NA,NA,FALSE,FALSE,NA,1731501,Regina Computer Exchange Inc,0,0,0,NA,"Computer Repairs and Support, Computer Tech Support, Computer Technical Support, Computer Network Support, Online Computer Support, Computer Repair, it services, it repair, computers it, it support, support it, support in it, it maintenance, it repairs, it service and support. it support service, it service support, it support services, support services it, it support and services, it services and support, data recovery, how to repair computer, computer repair computer repair, it computer repair, a computer repair, repair computer, computer repair in, tech support, pc repair, repair pc, a pc repair, computer repair pc, computer pc repair, pc computer repair, fix pc, pc fix, fix it pc, pc fix it, computer fix it, fix it computer, fix computer, computer fix, a computer fix, pc & laptop, repairs computer, virus removal, virus in computer, ,",0,NA,FALSE,0,0,0,NA,FALSE,NA,FALSE,FALSE,FALSE,1681653,0,335,NA,NA,NA
https://homestars.com/on/regina/computer-repairs-service,37,"c(""https://homestars.com/on/regina/computer-repairs-service?&page=2&"", ""https://homestars.com/on/regina/computer-repairs-service?&page=3&"", ""https://homestars.com/on/regina/computer-repairs-service?&page=4&"")",Computer Repairs and Support,2672664,NA,/companies/2672664-that-computer-guy?searched_category_id=335&service_area=1685868,NA,that-computer-guy,2008-03-04T16:55:15.000-05:00,NA,NA,NA,NA,NA,NA,NA,NA,NA,NA,NA,NA,NA,FALSE,FALSE,NA,NA,FALSE,FALSE,NA,1735716,That Computer Guy,0,0,0,NA,"Computer Repairs and Support, Computer Tech Support, Computer Technical Support, Computer Network Support, Online Computer Support, Computer Repair, it services, it repair, computers it, it support, support it, support in it, it maintenance, it repairs, it service and support. it support service, it service support, it support services, support services it, it support and services, it services and support, data recovery, how to repair computer, computer repair computer repair, it computer repair, a computer repair, repair computer, computer repair in, tech support, pc repair, repair pc, a pc repair, computer repair pc, computer pc repair, pc computer repair, fix pc, pc fix, fix it pc, pc fix it, computer fix it, fix it computer, fix computer, computer fix, a computer fix, pc & laptop, repairs computer, virus removal, virus in computer, ,",0,NA,FALSE,0,0,0,NA,FALSE,NA,FALSE,FALSE,FALSE,1685868,0,335,NA,NA,NA
https://homestars.com/on/regina/computer-repairs-service,37,"c(""https://homestars.com/on/regina/computer-repairs-service?&page=2&"", ""https://homestars.com/on/regina/computer-repairs-service?&page=3&"", ""https://homestars.com/on/regina/computer-repairs-service?&page=4&"")",Computer Repairs and Support,2666971,NA,/companies/2666971-professional-western-computers?searched_category_id=335&service_area=1680175,NA,professional-western-computers,2008-03-04T16:55:15.000-05:00,NA,NA,NA,NA,NA,NA,NA,NA,NA,NA,NA,NA,NA,FALSE,FALSE,NA,NA,FALSE,FALSE,NA,1730023,Professional Western Computers,0,0,0,NA,"Computer Repairs and Support, Computer Tech Support, Computer Technical Support, Computer Network Support, Online Computer Support, Computer Repair, it services, it repair, computers it, it support, support it, support in it, it maintenance, it repairs, it service and support. it support service, it service support, it support services, support services it, it support and services, it services and support, data recovery, how to repair computer, computer repair computer repair, it computer repair, a computer repair, repair computer, computer repair in, tech support, pc repair, repair pc, a pc repair, computer repair pc, computer pc repair, pc computer repair, fix pc, pc fix, fix it pc, pc fix it, computer fix it, fix it computer, fix computer, computer fix, a computer fix, pc & laptop, repairs computer, virus removal, virus in computer, ,",0,NA,FALSE,0,0,0,NA,FALSE,NA,FALSE,FALSE,FALSE,1680175,0,335,NA,NA,NA
https://homestars.com/on/regina/computer-repairs-service,37,"c(""https://homestars.com/on/regina/computer-repairs-service?&page=2&"", ""https://homestars.com/on/regina/computer-repairs-service?&page=3&"", ""https://homestars.com/on/regina/computer-repairs-service?&page=4&"")",Computer Repairs and Support,2620029,NA,/companies/2620029-allstar-tech?searched_category_id=335&service_area=1633233,NA,allstar-tech,2008-03-04T16:55:15.000-05:00,NA,NA,NA,NA,NA,NA,NA,NA,NA,NA,NA,NA,NA,FALSE,FALSE,NA,NA,FALSE,FALSE,NA,1683081,Allstar Tech,0,0,0,NA,"Computer Repairs and Support, Computer Tech Support, Computer Technical Support, Computer Network Support, Online Computer Support, Computer Repair, it services, it repair, computers it, it support, support it, support in it, it maintenance, it repairs, it service and support. it support service, it service support, it support services, support services it, it support and services, it services and support, data recovery, how to repair computer, computer repair computer repair, it computer repair, a computer repair, repair computer, computer repair in, tech support, pc repair, repair pc, a pc repair, computer repair pc, computer pc repair, pc computer repair, fix pc, pc fix, fix it pc, pc fix it, computer fix it, fix it computer, fix computer, computer fix, a computer fix, pc & laptop, repairs computer, virus removal, virus in computer, ,",0,NA,FALSE,0,0,0,NA,FALSE,NA,FALSE,FALSE,FALSE,1633233,0,335,NA,NA,NA
https://homestars.com/on/regina/computer-repairs-service,37,"c(""https://homestars.com/on/regina/computer-repairs-service?&page=2&"", ""https://homestars.com/on/regina/computer-repairs-service?&page=3&"", ""https://homestars.com/on/regina/computer-repairs-service?&page=4&"")",Computer Repairs and Support,2631551,NA,/companies/2631551-computer-clinic-the?searched_category_id=335&service_area=1644755,NA,computer-clinic-the,2008-03-04T16:55:15.000-05:00,NA,NA,NA,NA,NA,NA,NA,NA,NA,NA,NA,NA,NA,FALSE,FALSE,NA,NA,FALSE,FALSE,NA,1694603,Computer Clinic The,0,0,0,NA,"Computer Repairs and Support, Computer Tech Support, Computer Technical Support, Computer Network Support, Online Computer Support, Computer Repair, it services, it repair, computers it, it support, support it, support in it, it maintenance, it repairs, it service and support. it support service, it service support, it support services, support services it, it support and services, it services and support, data recovery, how to repair computer, computer repair computer repair, it computer repair, a computer repair, repair computer, computer repair in, tech support, pc repair, repair pc, a pc repair, computer repair pc, computer pc repair, pc computer repair, fix pc, pc fix, fix it pc, pc fix it, computer fix it, fix it computer, fix computer, computer fix, a computer fix, pc & laptop, repairs computer, virus removal, virus in computer, ,",0,NA,FALSE,0,0,0,NA,FALSE,NA,FALSE,FALSE,FALSE,1644755,0,335,NA,NA,NA
https://homestars.com/on/regina/computer-repairs-service,37,"c(""https://homestars.com/on/regina/computer-repairs-service?&page=2&"", ""https://homestars.com/on/regina/computer-repairs-service?&page=3&"", ""https://homestars.com/on/regina/computer-repairs-service?&page=4&"")",Computer Repairs and Support,2617539,NA,/companies/2617539-absolute-cash-ltd?searched_category_id=335&service_area=1630743,NA,absolute-cash-ltd,2008-03-04T16:55:15.000-05:00,NA,NA,NA,NA,NA,NA,NA,NA,NA,NA,NA,NA,NA,FALSE,FALSE,NA,NA,FALSE,FALSE,NA,1680591,Absolute Cash Ltd,0,0,0,NA,"Computer Repairs and Support, Computer Tech Support, Computer Technical Support, Computer Network Support, Online Computer Support, Computer Repair, it services, it repair, computers it, it support, support it, support in it, it maintenance, it repairs, it service and support. it support service, it service support, it support services, support services it, it support and services, it services and support, data recovery, how to repair computer, computer repair computer repair, it computer repair, a computer repair, repair computer, computer repair in, tech support, pc repair, repair pc, a pc repair, computer repair pc, computer pc repair, pc computer repair, fix pc, pc fix, fix it pc, pc fix it, computer fix it, fix it computer, fix computer, computer fix, a computer fix, pc & laptop, repairs computer, virus removal, virus in computer, ,",0,NA,FALSE,0,0,0,NA,FALSE,NA,FALSE,FALSE,FALSE,1630743,0,335,NA,NA,NA
https://homestars.com/on/regina/computer-repairs-service,37,"c(""https://homestars.com/on/regina/computer-repairs-service?&page=2&"", ""https://homestars.com/on/regina/computer-repairs-service?&page=3&"", ""https://homestars.com/on/regina/computer-repairs-service?&page=4&"")",Computer Repairs and Support,2617540,NA,/companies/2617540-absolute-computers?searched_category_id=335&service_area=1630744,NA,absolute-computers,2008-03-04T16:55:15.000-05:00,NA,NA,NA,NA,NA,NA,NA,NA,NA,NA,NA,NA,NA,FALSE,FALSE,NA,NA,FALSE,FALSE,NA,1680592,Absolute Computers,0,0,0,NA,"Computer Repairs and Support, Computer Tech Support, Computer Technical Support, Computer Network Support, Online Computer Support, Computer Repair, it services, it repair, computers it, it support, support it, support in it, it maintenance, it repairs, it service and support. it support service, it service support, it support services, support services it, it support and services, it services and support, data recovery, how to repair computer, computer repair computer repair, it computer repair, a computer repair, repair computer, computer repair in, tech support, pc repair, repair pc, a pc repair, computer repair pc, computer pc repair, pc computer repair, fix pc, pc fix, fix it pc, pc fix it, computer fix it, fix it computer, fix computer, computer fix, a computer fix, pc & laptop, repairs computer, virus removal, virus in computer, ,",0,NA,FALSE,0,0,0,NA,FALSE,NA,FALSE,FALSE,FALSE,1630744,0,335,NA,NA,NA
https://homestars.com/on/regina/computer-repairs-service,37,"c(""https://homestars.com/on/regina/computer-repairs-service?&page=2&"", ""https://homestars.com/on/regina/computer-repairs-service?&page=3&"", ""https://homestars.com/on/regina/computer-repairs-service?&page=4&"")",Computer Repairs and Support,2623440,NA,/companies/2623440-avro-computers-ltd?searched_category_id=335&service_area=1636644,NA,avro-computers-ltd,2008-03-04T16:55:15.000-05:00,NA,NA,NA,NA,NA,NA,NA,NA,NA,NA,NA,NA,NA,FALSE,FALSE,NA,NA,FALSE,FALSE,NA,1686492,AVRO Computers Ltd,0,0,0,NA,"Computer Repairs and Support, Computer Tech Support, Computer Technical Support, Computer Network Support, Online Computer Support, Computer Repair, it services, it repair, computers it, it support, support it, support in it, it maintenance, it repairs, it service and support. it support service, it service support, it support services, support services it, it support and services, it services and support, data recovery, how to repair computer, computer repair computer repair, it computer repair, a computer repair, repair computer, computer repair in, tech support, pc repair, repair pc, a pc repair, computer repair pc, computer pc repair, pc computer repair, fix pc, pc fix, fix it pc, pc fix it, computer fix it, fix it computer, fix computer, computer fix, a computer fix, pc & laptop, repairs computer, virus removal, virus in computer, ,",0,NA,FALSE,0,0,0,NA,FALSE,NA,FALSE,FALSE,FALSE,1636644,0,335,NA,NA,NA
https://homestars.com/on/regina/computer-repairs-service,37,"c(""https://homestars.com/on/regina/computer-repairs-service?&page=2&"", ""https://homestars.com/on/regina/computer-repairs-service?&page=3&"", ""https://homestars.com/on/regina/computer-repairs-service?&page=4&"")",Computer Repairs and Support,2641065,NA,/companies/2641065-doctor-dave-computer-remedies?searched_category_id=335&service_area=1654269,NA,doctor-dave-computer-remedies,2008-03-04T16:55:15.000-05:00,NA,NA,NA,NA,NA,NA,NA,NA,NA,NA,NA,NA,NA,FALSE,FALSE,NA,NA,FALSE,FALSE,NA,1704117,Doctor Dave Computer Remedies,0,0,0,NA,"Computer Repairs and Support, Computer Tech Support, Computer Technical Support, Computer Network Support, Online Computer Support, Computer Repair, it services, it repair, computers it, it support, support it, support in it, it maintenance, it repairs, it service and support. it support service, it service support, it support services, support services it, it support and services, it services and support, data recovery, how to repair computer, computer repair computer repair, it computer repair, a computer repair, repair computer, computer repair in, tech support, pc repair, repair pc, a pc repair, computer repair pc, computer pc repair, pc computer repair, fix pc, pc fix, fix it pc, pc fix it, computer fix it, fix it computer, fix computer, computer fix, a computer fix, pc & laptop, repairs computer, virus removal, virus in computer, ,",0,NA,FALSE,0,0,0,NA,FALSE,NA,FALSE,FALSE,FALSE,1654269,0,335,NA,NA,NA
https://homestars.com/on/regina/computer-repairs-service,37,"c(""https://homestars.com/on/regina/computer-repairs-service?&page=2&"", ""https://homestars.com/on/regina/computer-repairs-service?&page=3&"", ""https://homestars.com/on/regina/computer-repairs-service?&page=4&"")",Computer Repairs and Support,2643024,NA,/companies/2643024-e-lite-computer-servicing?searched_category_id=335&service_area=1656228,NA,e-lite-computer-servicing,2008-03-04T16:55:15.000-05:00,NA,NA,NA,NA,NA,NA,NA,NA,NA,NA,NA,NA,NA,FALSE,FALSE,NA,NA,FALSE,FALSE,NA,1706076,E-Lite Computer Servicing,0,0,0,NA,"Computer Repairs and Support, Computer Tech Support, Computer Technical Support, Computer Network Support, Online Computer Support, Computer Repair, it services, it repair, computers it, it support, support it, support in it, it maintenance, it repairs, it service and support. it support service, it service support, it support services, support services it, it support and services, it services and support, data recovery, how to repair computer, computer repair computer repair, it computer repair, a computer repair, repair computer, computer repair in, tech support, pc repair, repair pc, a pc repair, computer repair pc, computer pc repair, pc computer repair, fix pc, pc fix, fix it pc, pc fix it, computer fix it, fix it computer, fix computer, computer fix, a computer fix, pc & laptop, repairs computer, virus removal, virus in computer, ,",0,NA,FALSE,0,0,0,NA,FALSE,NA,FALSE,FALSE,FALSE,1656228,0,335,NA,NA,NA
https://homestars.com/on/regina/computer-repairs-service,37,"c(""https://homestars.com/on/regina/computer-repairs-service?&page=2&"", ""https://homestars.com/on/regina/computer-repairs-service?&page=3&"", ""https://homestars.com/on/regina/computer-repairs-service?&page=4&"")",Computer Repairs and Support,2656929,NA,/companies/2656929-maverick-home-systems?searched_category_id=335&service_area=1670133,NA,maverick-home-systems,2008-03-04T16:55:15.000-05:00,NA,NA,NA,NA,NA,NA,NA,NA,NA,NA,NA,NA,NA,FALSE,FALSE,NA,NA,FALSE,FALSE,NA,1719981,Maverick Home Systems,0,0,0,NA,"Computer Repairs and Support, Computer Tech Support, Computer Technical Support, Computer Network Support, Online Computer Support, Computer Repair, it services, it repair, computers it, it support, support it, support in it, it maintenance, it repairs, it service and support. it support service, it service support, it support services, support services it, it support and services, it services and support, data recovery, how to repair computer, computer repair computer repair, it computer repair, a computer repair, repair computer, computer repair in, tech support, pc repair, repair pc, a pc repair, computer repair pc, computer pc repair, pc computer repair, fix pc, pc fix, fix it pc, pc fix it, computer fix it, fix it computer, fix computer, computer fix, a computer fix, pc & laptop, repairs computer, virus removal, virus in computer, ,",0,NA,FALSE,0,0,0,NA,FALSE,NA,FALSE,FALSE,FALSE,1670133,0,335,NA,NA,NA
https://homestars.com/on/regina/computer-repairs-service,37,"c(""https://homestars.com/on/regina/computer-repairs-service?&page=2&"", ""https://homestars.com/on/regina/computer-repairs-service?&page=3&"", ""https://homestars.com/on/regina/computer-repairs-service?&page=4&"")",Computer Repairs and Support,2658353,NA,/companies/2658353-microage?searched_category_id=335&service_area=1671557,NA,microage,2008-03-04T16:55:15.000-05:00,NA,NA,NA,NA,NA,NA,NA,NA,NA,NA,NA,NA,NA,FALSE,FALSE,NA,NA,FALSE,FALSE,NA,1721405,Microage,0,0,0,NA,"Computer Repairs and Support, Computer Tech Support, Computer Technical Support, Computer Network Support, Online Computer Support, Computer Repair, it services, it repair, computers it, it support, support it, support in it, it maintenance, it repairs, it service and support. it support service, it service support, it support services, support services it, it support and services, it services and support, data recovery, how to repair computer, computer repair computer repair, it computer repair, a computer repair, repair computer, computer repair in, tech support, pc repair, repair pc, a pc repair, computer repair pc, computer pc repair, pc computer repair, fix pc, pc fix, fix it pc, pc fix it, computer fix it, fix it computer, fix computer, computer fix, a computer fix, pc & laptop, repairs computer, virus removal, virus in computer, ,",0,NA,FALSE,0,0,0,NA,FALSE,NA,FALSE,FALSE,FALSE,1671557,0,335,NA,NA,NA
https://homestars.com/on/regina/computer-repairs-service,37,"c(""https://homestars.com/on/regina/computer-repairs-service?&page=2&"", ""https://homestars.com/on/regina/computer-repairs-service?&page=3&"", ""https://homestars.com/on/regina/computer-repairs-service?&page=4&"")",Computer Repairs and Support,2650882,NA,/companies/2650882-inregina-com?searched_category_id=335&service_area=1664086,NA,inregina-com,2008-03-04T16:55:15.000-05:00,NA,NA,NA,NA,NA,NA,NA,NA,NA,NA,NA,NA,NA,FALSE,FALSE,NA,NA,FALSE,FALSE,NA,1713934,Inregina.Com,0,0,0,NA,"Computer Repairs and Support, Computer Tech Support, Computer Technical Support, Computer Network Support, Online Computer Support, Computer Repair, it services, it repair, computers it, it support, support it, support in it, it maintenance, it repairs, it service and support. it support service, it service support, it support services, support services it, it support and services, it services and support, data recovery, how to repair computer, computer repair computer repair, it computer repair, a computer repair, repair computer, computer repair in, tech support, pc repair, repair pc, a pc repair, computer repair pc, computer pc repair, pc computer repair, fix pc, pc fix, fix it pc, pc fix it, computer fix it, fix it computer, fix computer, computer fix, a computer fix, pc & laptop, repairs computer, virus removal, virus in computer, ,",0,NA,FALSE,0,0,0,NA,FALSE,NA,FALSE,FALSE,FALSE,1664086,0,335,NA,NA,NA
https://homestars.com/on/regina/computer-repairs-service,37,"c(""https://homestars.com/on/regina/computer-repairs-service?&page=2&"", ""https://homestars.com/on/regina/computer-repairs-service?&page=3&"", ""https://homestars.com/on/regina/computer-repairs-service?&page=4&"")",Computer Repairs and Support,2620029,NA,/companies/2620029-allstar-tech?searched_category_id=335&service_area=1633233,NA,allstar-tech,2008-03-04T16:55:15.000-05:00,NA,NA,NA,NA,NA,NA,NA,NA,NA,NA,NA,NA,NA,FALSE,FALSE,NA,NA,FALSE,FALSE,NA,1683081,Allstar Tech,0,0,0,NA,"Computer Repairs and Support, Computer Tech Support, Computer Technical Support, Computer Network Support, Online Computer Support, Computer Repair, it services, it repair, computers it, it support, support it, support in it, it maintenance, it repairs, it service and support. it support service, it service support, it support services, support services it, it support and services, it services and support, data recovery, how to repair computer, computer repair computer repair, it computer repair, a computer repair, repair computer, computer repair in, tech support, pc repair, repair pc, a pc repair, computer repair pc, computer pc repair, pc computer repair, fix pc, pc fix, fix it pc, pc fix it, computer fix it, fix it computer, fix computer, computer fix, a computer fix, pc & laptop, repairs computer, virus removal, virus in computer, ,",0,NA,FALSE,0,0,0,NA,FALSE,NA,FALSE,FALSE,FALSE,1633233,-1.0,335,NA,NA,NA
https://homestars.com/on/regina/computer-repairs-service,37,"c(""https://homestars.com/on/regina/computer-repairs-service?&page=2&"", ""https://homestars.com/on/regina/computer-repairs-service?&page=3&"", ""https://homestars.com/on/regina/computer-repairs-service?&page=4&"")",Computer Repairs and Support,2636795,NA,/companies/2636795-coretec-systems-inc?searched_category_id=335&service_area=1649999,NA,coretec-systems-inc,2008-03-04T16:55:15.000-05:00,NA,NA,NA,NA,NA,NA,NA,NA,NA,NA,NA,NA,NA,FALSE,FALSE,NA,NA,FALSE,FALSE,NA,1699847,Coretec Systems Inc,0,0,0,NA,"Computer Repairs and Support, Computer Tech Support, Computer Technical Support, Computer Network Support, Online Computer Support, Computer Repair, it services, it repair, computers it, it support, support it, support in it, it maintenance, it repairs, it service and support. it support service, it service support, it support services, support services it, it support and services, it services and support, data recovery, how to repair computer, computer repair computer repair, it computer repair, a computer repair, repair computer, computer repair in, tech support, pc repair, repair pc, a pc repair, computer repair pc, computer pc repair, pc computer repair, fix pc, pc fix, fix it pc, pc fix it, computer fix it, fix it computer, fix computer, computer fix, a computer fix, pc & laptop, repairs computer, virus removal, virus in computer, ,",0,NA,FALSE,0,0,0,NA,FALSE,NA,FALSE,FALSE,FALSE,1649999,0,335,NA,NA,NA
https://homestars.com/on/regina/computer-repairs-service,37,"c(""https://homestars.com/on/regina/computer-repairs-service?&page=2&"", ""https://homestars.com/on/regina/computer-repairs-service?&page=3&"", ""https://homestars.com/on/regina/computer-repairs-service?&page=4&"")",Computer Repairs and Support,2654938,NA,/companies/2654938-lexworx-computer-services?searched_category_id=335&service_area=1668142,NA,lexworx-computer-services,2008-03-04T16:55:15.000-05:00,NA,NA,NA,NA,NA,NA,NA,NA,NA,NA,NA,NA,NA,FALSE,FALSE,NA,NA,FALSE,FALSE,NA,1717990,Lexworx Computer Services,0,0,0,NA,"Computer Repairs and Support, Computer Tech Support, Computer Technical Support, Computer Network Support, Online Computer Support, Computer Repair, it services, it repair, computers it, it support, support it, support in it, it maintenance, it repairs, it service and support. it support service, it service support, it support services, support services it, it support and services, it services and support, data recovery, how to repair computer, computer repair computer repair, it computer repair, a computer repair, repair computer, computer repair in, tech support, pc repair, repair pc, a pc repair, computer repair pc, computer pc repair, pc computer repair, fix pc, pc fix, fix it pc, pc fix it, computer fix it, fix it computer, fix computer, computer fix, a computer fix, pc & laptop, repairs computer, virus removal, virus in computer, ,",0,NA,FALSE,0,0,0,NA,FALSE,NA,FALSE,FALSE,FALSE,1668142,0,335,NA,NA,NA
https://homestars.com/on/regina/computer-repairs-service,37,"c(""https://homestars.com/on/regina/computer-repairs-service?&page=2&"", ""https://homestars.com/on/regina/computer-repairs-service?&page=3&"", ""https://homestars.com/on/regina/computer-repairs-service?&page=4&"")",Computer Repairs and Support,2665884,NA,/companies/2665884-pnc-computers?searched_category_id=335&service_area=1679088,NA,pnc-computers,2008-03-04T16:55:15.000-05:00,NA,NA,NA,NA,NA,NA,NA,NA,NA,NA,NA,NA,NA,FALSE,FALSE,NA,NA,FALSE,FALSE,NA,1728936,Pnc Computers,0,0,0,NA,"Computer Repairs and Support, Computer Tech Support, Computer Technical Support, Computer Network Support, Online Computer Support, Computer Repair, it services, it repair, computers it, it support, support it, support in it, it maintenance, it repairs, it service and support. it support service, it service support, it support services, support services it, it support and services, it services and support, data recovery, how to repair computer, computer repair computer repair, it computer repair, a computer repair, repair computer, computer repair in, tech support, pc repair, repair pc, a pc repair, computer repair pc, computer pc repair, pc computer repair, fix pc, pc fix, fix it pc, pc fix it, computer fix it, fix it computer, fix computer, computer fix, a computer fix, pc & laptop, repairs computer, virus removal, virus in computer, ,",0,NA,FALSE,0,0,0,NA,FALSE,NA,FALSE,FALSE,FALSE,1679088,0,335,NA,NA,NA
https://homestars.com/on/regina/computer-repairs-service,37,"c(""https://homestars.com/on/regina/computer-repairs-service?&page=2&"", ""https://homestars.com/on/regina/computer-repairs-service?&page=3&"", ""https://homestars.com/on/regina/computer-repairs-service?&page=4&"")",Computer Repairs and Support,2667756,NA,/companies/2667756-rba-inc?searched_category_id=335&service_area=1680960,NA,rba-inc,2008-03-04T16:55:15.000-05:00,NA,NA,NA,NA,NA,NA,NA,NA,NA,NA,NA,NA,NA,FALSE,FALSE,NA,NA,FALSE,FALSE,NA,1730808,Rba Inc,0,0,0,NA,"Computer Repairs and Support, Computer Tech Support, Computer Technical Support, Computer Network Support, Online Computer Support, Computer Repair, it services, it repair, computers it, it support, support it, support in it, it maintenance, it repairs, it service and support. it support service, it service support, it support services, support services it, it support and services, it services and support, data recovery, how to repair computer, computer repair computer repair, it computer repair, a computer repair, repair computer, computer repair in, tech support, pc repair, repair pc, a pc repair, computer repair pc, computer pc repair, pc computer repair, fix pc, pc fix, fix it pc, pc fix it, computer fix it, fix it computer, fix computer, computer fix, a computer fix, pc & laptop, repairs computer, virus removal, virus in computer, ,",0,NA,FALSE,0,0,0,NA,FALSE,NA,FALSE,FALSE,FALSE,1680960,0,335,NA,NA,NA
https://homestars.com/on/regina/computer-repairs-service,37,"c(""https://homestars.com/on/regina/computer-repairs-service?&page=2&"", ""https://homestars.com/on/regina/computer-repairs-service?&page=3&"", ""https://homestars.com/on/regina/computer-repairs-service?&page=4&"")",Computer Repairs and Support,2670246,NA,/companies/2670246-sierra-technology-management?searched_category_id=335&service_area=1683450,NA,sierra-technology-management,2008-03-04T16:55:15.000-05:00,NA,NA,NA,NA,NA,NA,NA,NA,NA,NA,NA,NA,NA,FALSE,FALSE,NA,NA,FALSE,FALSE,NA,1733298,Sierra Technology Management,0,0,0,NA,"Computer Repairs and Support, Computer Tech Support, Computer Technical Support, Computer Network Support, Online Computer Support, Computer Repair, it services, it repair, computers it, it support, support it, support in it, it maintenance, it repairs, it service and support. it support service, it service support, it support services, support services it, it support and services, it services and support, data recovery, how to repair computer, computer repair computer repair, it computer repair, a computer repair, repair computer, computer repair in, tech support, pc repair, repair pc, a pc repair, computer repair pc, computer pc repair, pc computer repair, fix pc, pc fix, fix it pc, pc fix it, computer fix it, fix it computer, fix computer, computer fix, a computer fix, pc & laptop, repairs computer, virus removal, virus in computer, ,",0,NA,FALSE,0,0,0,NA,FALSE,NA,FALSE,FALSE,FALSE,1683450,0,335,NA,NA,NA
https://homestars.com/on/regina/computer-repairs-service,37,"c(""https://homestars.com/on/regina/computer-repairs-service?&page=2&"", ""https://homestars.com/on/regina/computer-repairs-service?&page=3&"", ""https://homestars.com/on/regina/computer-repairs-service?&page=4&"")",Computer Repairs and Support,2674719,NA,/companies/2674719-wbm-office-systems?searched_category_id=335&service_area=1687923,NA,wbm-office-systems,2008-03-04T16:55:15.000-05:00,NA,NA,NA,NA,NA,NA,NA,NA,NA,NA,NA,NA,NA,FALSE,FALSE,NA,NA,FALSE,FALSE,NA,1737771,WBM Office Systems,0,0,0,NA,"Computer Repairs and Support, Computer Tech Support, Computer Technical Support, Computer Network Support, Online Computer Support, Computer Repair, it services, it repair, computers it, it support, support it, support in it, it maintenance, it repairs, it service and support. it support service, it service support, it support services, support services it, it support and services, it services and support, data recovery, how to repair computer, computer repair computer repair, it computer repair, a computer repair, repair computer, computer repair in, tech support, pc repair, repair pc, a pc repair, computer repair pc, computer pc repair, pc computer repair, fix pc, pc fix, fix it pc, pc fix it, computer fix it, fix it computer, fix computer, computer fix, a computer fix, pc & laptop, repairs computer, virus removal, virus in computer, ,",0,NA,FALSE,0,0,0,NA,FALSE,NA,FALSE,FALSE,FALSE,1687923,0,335,NA,NA,NA
