Link,n_hits,all_links,category,id,url,hs_path,profile,permalink,created_at,sic_code,service_area,hours,products,services,brands,specialities,established,employee_cnt,payment_method,diplomas,licenses,memberships,liability_insurance,bonded,project_rate,project_minimum,written_contract,written_warranty,warranty_terms,parent_company_id,name,total_number_of_reviews_cache,total_number_of_approved_reviews_cache,number_of_photos_cache,avg_rating_cache,categories_info_cache,savings_count,claimed_at,fraudulent,fraudulent_count,total_number_of_pending_reviews_cache,images_count,bully,secret,replied_to_at_least_one_review_cache,has_set_tasks,lead_purchase_eligible,service_area_id,star_score,quote_button_category,direct_phone,direct_contact
https://homestars.com/on/orillia/moving-storage,15,https://homestars.com/on/orillia/moving-storage?&page=2&,Moving & Storage,2618180,https://www.norweldselfstorage.com,/companies/2618180-norweld-drive-self-storage?searched_category_id=407&service_area=1631384,NA,norweld-drive-self-storage,2008-03-04T16:55:15.000-05:00,NA,NA,NA,NA,NA,NA,NA,NA,NA,NA,NA,NA,NA,FALSE,FALSE,NA,NA,FALSE,FALSE,NA,1681232,Norweld Drive Self Storage,0,0,1,NA,"Moving & Storage, Moving Company, Moving Services, Moving Truck, Moving Equipment, Self Storage, Storage Container, portable storage container, moving and, moving in, movers, mover, moving movers, moving on movers, moving mover, self storage, moving companies, company moving, moving company, storage boxes, storage units, storage unit, movers companies, company movers, movers company, moving truck, storage facilities, packers and movers, movers and packers, movers packers, personal storage, moving quotes, moving on quotes, storage containers, car shipping, moving home, storage space, moving house, cardboard boxes, storage solutions, storage container, container storage, moving trucks, moving boxes, boxes for moving, moving and storage in, storage moving, storage and moving, moving storage, moving and storage, storage & moving, a moving and storage, moving to storage, moving rental,  storage bins,  move storage, movers storage, moving storage units, movers with storage, moving pods, moving storage containers, canada moving, moveing, residential moving companies, moving companies, the moving company, canadian moving, mover companies, company movers, moving companies with storage, moving company service, household movers, moving companies in canada, cost of moving across canada, national moving companies, moving estimate, shipping containers moving, moving trailer companies, moving companies local, moving company movers, moving van companies, long distance moving quote, moving agency, residential moving service,  moving van company, household shipping companies, long distance moving and storage, residential mover, company move, moving companies us, storage containers for moving, moving expenses, cross canada movers,  canada movers, home movers, local moving company,  moves canada, best moving companies, western moving and storage, best moving companies canada, moving across canada shipping, moving cost, storage company, moving company rates, moving business, long haul moving companies, full service movers, moving companies from canada to usa, moving prices, containers storage, online movers, packing moving companies, self moving services, movers van, move pods,",0,2017-10-17T15:02:32.000-04:00,FALSE,0,0,1,FALSE,640cc57c542d6be9dc07e41b6d9a65fe0cfa3579,FALSE,FALSE,FALSE,1631384,0,407,NA,NA
https://homestars.com/on/orillia/moving-storage,15,https://homestars.com/on/orillia/moving-storage?&page=2&,Moving & Storage,2581821,NA,/companies/2581821-heated-self-storage-inc?searched_category_id=407&service_area=1595025,NA,heated-self-storage-inc,2008-03-04T16:55:15.000-05:00,NA,NA,NA,NA,NA,NA,NA,NA,NA,NA,NA,NA,NA,FALSE,FALSE,NA,NA,FALSE,FALSE,NA,1644873,Heated Self-Storage Inc,0,0,0,NA,"Moving & Storage, Moving Company, Moving Services, Moving Truck, Moving Equipment, Self Storage, Storage Container, portable storage container, moving and, moving in, movers, mover, moving movers, moving on movers, moving mover, self storage, moving companies, company moving, moving company, storage boxes, storage units, storage unit, movers companies, company movers, movers company, moving truck, storage facilities, packers and movers, movers and packers, movers packers, personal storage, moving quotes, moving on quotes, storage containers, car shipping, moving home, storage space, moving house, cardboard boxes, storage solutions, storage container, container storage, moving trucks, moving boxes, boxes for moving, moving and storage in, storage moving, storage and moving, moving storage, moving and storage, storage & moving, a moving and storage, moving to storage, moving rental,  storage bins,  move storage, movers storage, moving storage units, movers with storage, moving pods, moving storage containers, canada moving, moveing, residential moving companies, moving companies, the moving company, canadian moving, mover companies, company movers, moving companies with storage, moving company service, household movers, moving companies in canada, cost of moving across canada, national moving companies, moving estimate, shipping containers moving, moving trailer companies, moving companies local, moving company movers, moving van companies, long distance moving quote, moving agency, residential moving service,  moving van company, household shipping companies, long distance moving and storage, residential mover, company move, moving companies us, storage containers for moving, moving expenses, cross canada movers,  canada movers, home movers, local moving company,  moves canada, best moving companies, western moving and storage, best moving companies canada, moving across canada shipping, moving cost, storage company, moving company rates, moving business, long haul moving companies, full service movers, moving companies from canada to usa, moving prices, containers storage, online movers, packing moving companies, self moving services, movers van, move pods,",0,NA,FALSE,0,0,0,FALSE,NA,FALSE,FALSE,FALSE,1595025,0,407,NA,NA
https://homestars.com/on/orillia/moving-storage,15,https://homestars.com/on/orillia/moving-storage?&page=2&,Moving & Storage,2659422,NA,/companies/2659422-hanson-boat-storage?searched_category_id=407&service_area=1672626,NA,hanson-boat-storage,2008-03-04T16:55:15.000-05:00,NA,NA,NA,NA,NA,NA,NA,NA,NA,NA,NA,NA,NA,FALSE,FALSE,NA,NA,FALSE,FALSE,NA,1722474,Hanson Boat Storage,0,0,0,NA,"Moving & Storage, Moving Company, Moving Services, Moving Truck, Moving Equipment, Self Storage, Storage Container, portable storage container, moving and, moving in, movers, mover, moving movers, moving on movers, moving mover, self storage, moving companies, company moving, moving company, storage boxes, storage units, storage unit, movers companies, company movers, movers company, moving truck, storage facilities, packers and movers, movers and packers, movers packers, personal storage, moving quotes, moving on quotes, storage containers, car shipping, moving home, storage space, moving house, cardboard boxes, storage solutions, storage container, container storage, moving trucks, moving boxes, boxes for moving, moving and storage in, storage moving, storage and moving, moving storage, moving and storage, storage & moving, a moving and storage, moving to storage, moving rental,  storage bins,  move storage, movers storage, moving storage units, movers with storage, moving pods, moving storage containers, canada moving, moveing, residential moving companies, moving companies, the moving company, canadian moving, mover companies, company movers, moving companies with storage, moving company service, household movers, moving companies in canada, cost of moving across canada, national moving companies, moving estimate, shipping containers moving, moving trailer companies, moving companies local, moving company movers, moving van companies, long distance moving quote, moving agency, residential moving service,  moving van company, household shipping companies, long distance moving and storage, residential mover, company move, moving companies us, storage containers for moving, moving expenses, cross canada movers,  canada movers, home movers, local moving company,  moves canada, best moving companies, western moving and storage, best moving companies canada, moving across canada shipping, moving cost, storage company, moving company rates, moving business, long haul moving companies, full service movers, moving companies from canada to usa, moving prices, containers storage, online movers, packing moving companies, self moving services, movers van, move pods,",0,NA,FALSE,0,0,0,FALSE,NA,FALSE,FALSE,FALSE,1672626,0,407,NA,NA
https://homestars.com/on/orillia/moving-storage,15,https://homestars.com/on/orillia/moving-storage?&page=2&,Moving & Storage,2657243,NA,/companies/2657243-family-movers-ltd?searched_category_id=407&service_area=1670447,NA,family-movers-ltd,2008-03-04T16:55:15.000-05:00,NA,NA,NA,NA,NA,NA,NA,NA,NA,NA,NA,NA,NA,FALSE,FALSE,NA,NA,FALSE,FALSE,NA,1720295,Family Movers Ltd,0,0,0,NA,"Moving & Storage, Moving Company, Moving Services, Moving Truck, Moving Equipment, Self Storage, Storage Container, portable storage container, moving and, moving in, movers, mover, moving movers, moving on movers, moving mover, self storage, moving companies, company moving, moving company, storage boxes, storage units, storage unit, movers companies, company movers, movers company, moving truck, storage facilities, packers and movers, movers and packers, movers packers, personal storage, moving quotes, moving on quotes, storage containers, car shipping, moving home, storage space, moving house, cardboard boxes, storage solutions, storage container, container storage, moving trucks, moving boxes, boxes for moving, moving and storage in, storage moving, storage and moving, moving storage, moving and storage, storage & moving, a moving and storage, moving to storage, moving rental,  storage bins,  move storage, movers storage, moving storage units, movers with storage, moving pods, moving storage containers, canada moving, moveing, residential moving companies, moving companies, the moving company, canadian moving, mover companies, company movers, moving companies with storage, moving company service, household movers, moving companies in canada, cost of moving across canada, national moving companies, moving estimate, shipping containers moving, moving trailer companies, moving companies local, moving company movers, moving van companies, long distance moving quote, moving agency, residential moving service,  moving van company, household shipping companies, long distance moving and storage, residential mover, company move, moving companies us, storage containers for moving, moving expenses, cross canada movers,  canada movers, home movers, local moving company,  moves canada, best moving companies, western moving and storage, best moving companies canada, moving across canada shipping, moving cost, storage company, moving company rates, moving business, long haul moving companies, full service movers, moving companies from canada to usa, moving prices, containers storage, online movers, packing moving companies, self moving services, movers van, move pods,",0,NA,FALSE,0,0,0,FALSE,NA,FALSE,FALSE,FALSE,1670447,0,407,NA,NA
https://homestars.com/on/orillia/moving-storage,15,https://homestars.com/on/orillia/moving-storage?&page=2&,Moving & Storage,2604056,NA,/companies/2604056-barrie-road-mini-storage?searched_category_id=407&service_area=1617260,NA,barrie-road-mini-storage,2008-03-04T16:55:15.000-05:00,NA,NA,NA,NA,NA,NA,NA,NA,NA,NA,NA,NA,NA,FALSE,FALSE,NA,NA,FALSE,FALSE,NA,1667108,Barrie Road Mini Storage,0,0,0,NA,"Moving & Storage, Moving Company, Moving Services, Moving Truck, Moving Equipment, Self Storage, Storage Container, portable storage container, moving and, moving in, movers, mover, moving movers, moving on movers, moving mover, self storage, moving companies, company moving, moving company, storage boxes, storage units, storage unit, movers companies, company movers, movers company, moving truck, storage facilities, packers and movers, movers and packers, movers packers, personal storage, moving quotes, moving on quotes, storage containers, car shipping, moving home, storage space, moving house, cardboard boxes, storage solutions, storage container, container storage, moving trucks, moving boxes, boxes for moving, moving and storage in, storage moving, storage and moving, moving storage, moving and storage, storage & moving, a moving and storage, moving to storage, moving rental,  storage bins,  move storage, movers storage, moving storage units, movers with storage, moving pods, moving storage containers, canada moving, moveing, residential moving companies, moving companies, the moving company, canadian moving, mover companies, company movers, moving companies with storage, moving company service, household movers, moving companies in canada, cost of moving across canada, national moving companies, moving estimate, shipping containers moving, moving trailer companies, moving companies local, moving company movers, moving van companies, long distance moving quote, moving agency, residential moving service,  moving van company, household shipping companies, long distance moving and storage, residential mover, company move, moving companies us, storage containers for moving, moving expenses, cross canada movers,  canada movers, home movers, local moving company,  moves canada, best moving companies, western moving and storage, best moving companies canada, moving across canada shipping, moving cost, storage company, moving company rates, moving business, long haul moving companies, full service movers, moving companies from canada to usa, moving prices, containers storage, online movers, packing moving companies, self moving services, movers van, move pods,",0,NA,FALSE,0,0,0,FALSE,NA,FALSE,FALSE,FALSE,1617260,0,407,NA,NA
https://homestars.com/on/orillia/moving-storage,15,https://homestars.com/on/orillia/moving-storage?&page=2&,Moving & Storage,2606820,NA,/companies/2606820-dwinnell-s-delivery-movers-ltd?searched_category_id=407&service_area=1620024,NA,dwinnell-s-delivery-movers-ltd,2008-03-04T16:55:15.000-05:00,NA,NA,NA,NA,NA,NA,NA,NA,NA,NA,NA,NA,NA,FALSE,FALSE,NA,NA,FALSE,FALSE,NA,1669872,Dwinnell's Delivery & Movers Ltd,0,0,0,NA,"Moving & Storage, Moving Company, Moving Services, Moving Truck, Moving Equipment, Self Storage, Storage Container, portable storage container, moving and, moving in, movers, mover, moving movers, moving on movers, moving mover, self storage, moving companies, company moving, moving company, storage boxes, storage units, storage unit, movers companies, company movers, movers company, moving truck, storage facilities, packers and movers, movers and packers, movers packers, personal storage, moving quotes, moving on quotes, storage containers, car shipping, moving home, storage space, moving house, cardboard boxes, storage solutions, storage container, container storage, moving trucks, moving boxes, boxes for moving, moving and storage in, storage moving, storage and moving, moving storage, moving and storage, storage & moving, a moving and storage, moving to storage, moving rental,  storage bins,  move storage, movers storage, moving storage units, movers with storage, moving pods, moving storage containers, canada moving, moveing, residential moving companies, moving companies, the moving company, canadian moving, mover companies, company movers, moving companies with storage, moving company service, household movers, moving companies in canada, cost of moving across canada, national moving companies, moving estimate, shipping containers moving, moving trailer companies, moving companies local, moving company movers, moving van companies, long distance moving quote, moving agency, residential moving service,  moving van company, household shipping companies, long distance moving and storage, residential mover, company move, moving companies us, storage containers for moving, moving expenses, cross canada movers,  canada movers, home movers, local moving company,  moves canada, best moving companies, western moving and storage, best moving companies canada, moving across canada shipping, moving cost, storage company, moving company rates, moving business, long haul moving companies, full service movers, moving companies from canada to usa, moving prices, containers storage, online movers, packing moving companies, self moving services, movers van, move pods,",0,NA,FALSE,0,0,0,FALSE,NA,FALSE,FALSE,FALSE,1620024,0,407,NA,NA
https://homestars.com/on/orillia/moving-storage,15,https://homestars.com/on/orillia/moving-storage?&page=2&,Moving & Storage,2649774,NA,/companies/2649774-bud-s-mini-storage-2007-ltd?searched_category_id=407&service_area=1662978,NA,bud-s-mini-storage-2007-ltd,2008-03-04T16:55:15.000-05:00,NA,NA,NA,NA,NA,NA,NA,NA,NA,NA,NA,NA,NA,FALSE,FALSE,NA,NA,FALSE,FALSE,NA,1712826,Bud's Mini Storage (2007) Ltd,0,0,0,NA,"Moving & Storage, Moving Company, Moving Services, Moving Truck, Moving Equipment, Self Storage, Storage Container, portable storage container, moving and, moving in, movers, mover, moving movers, moving on movers, moving mover, self storage, moving companies, company moving, moving company, storage boxes, storage units, storage unit, movers companies, company movers, movers company, moving truck, storage facilities, packers and movers, movers and packers, movers packers, personal storage, moving quotes, moving on quotes, storage containers, car shipping, moving home, storage space, moving house, cardboard boxes, storage solutions, storage container, container storage, moving trucks, moving boxes, boxes for moving, moving and storage in, storage moving, storage and moving, moving storage, moving and storage, storage & moving, a moving and storage, moving to storage, moving rental,  storage bins,  move storage, movers storage, moving storage units, movers with storage, moving pods, moving storage containers, canada moving, moveing, residential moving companies, moving companies, the moving company, canadian moving, mover companies, company movers, moving companies with storage, moving company service, household movers, moving companies in canada, cost of moving across canada, national moving companies, moving estimate, shipping containers moving, moving trailer companies, moving companies local, moving company movers, moving van companies, long distance moving quote, moving agency, residential moving service,  moving van company, household shipping companies, long distance moving and storage, residential mover, company move, moving companies us, storage containers for moving, moving expenses, cross canada movers,  canada movers, home movers, local moving company,  moves canada, best moving companies, western moving and storage, best moving companies canada, moving across canada shipping, moving cost, storage company, moving company rates, moving business, long haul moving companies, full service movers, moving companies from canada to usa, moving prices, containers storage, online movers, packing moving companies, self moving services, movers van, move pods,",0,NA,FALSE,0,0,0,FALSE,NA,FALSE,FALSE,FALSE,1662978,0,407,NA,NA
https://homestars.com/on/orillia/moving-storage,15,https://homestars.com/on/orillia/moving-storage?&page=2&,Moving & Storage,2591531,NA,/companies/2591531-dcm-self-storage?searched_category_id=407&service_area=1604735,NA,dcm-self-storage,2008-03-04T16:55:15.000-05:00,NA,NA,NA,NA,NA,NA,NA,NA,NA,NA,NA,NA,NA,FALSE,FALSE,NA,NA,FALSE,FALSE,NA,1654583,DCM Self Storage,0,0,0,NA,"Moving & Storage, Moving Company, Moving Services, Moving Truck, Moving Equipment, Self Storage, Storage Container, portable storage container, moving and, moving in, movers, mover, moving movers, moving on movers, moving mover, self storage, moving companies, company moving, moving company, storage boxes, storage units, storage unit, movers companies, company movers, movers company, moving truck, storage facilities, packers and movers, movers and packers, movers packers, personal storage, moving quotes, moving on quotes, storage containers, car shipping, moving home, storage space, moving house, cardboard boxes, storage solutions, storage container, container storage, moving trucks, moving boxes, boxes for moving, moving and storage in, storage moving, storage and moving, moving storage, moving and storage, storage & moving, a moving and storage, moving to storage, moving rental,  storage bins,  move storage, movers storage, moving storage units, movers with storage, moving pods, moving storage containers, canada moving, moveing, residential moving companies, moving companies, the moving company, canadian moving, mover companies, company movers, moving companies with storage, moving company service, household movers, moving companies in canada, cost of moving across canada, national moving companies, moving estimate, shipping containers moving, moving trailer companies, moving companies local, moving company movers, moving van companies, long distance moving quote, moving agency, residential moving service,  moving van company, household shipping companies, long distance moving and storage, residential mover, company move, moving companies us, storage containers for moving, moving expenses, cross canada movers,  canada movers, home movers, local moving company,  moves canada, best moving companies, western moving and storage, best moving companies canada, moving across canada shipping, moving cost, storage company, moving company rates, moving business, long haul moving companies, full service movers, moving companies from canada to usa, moving prices, containers storage, online movers, packing moving companies, self moving services, movers van, move pods,",0,NA,FALSE,0,0,0,FALSE,NA,FALSE,FALSE,FALSE,1604735,0,407,NA,NA
https://homestars.com/on/orillia/moving-storage,15,https://homestars.com/on/orillia/moving-storage?&page=2&,Moving & Storage,2616002,NA,/companies/2616002-progress-park-mini-storage?searched_category_id=407&service_area=1629206,NA,progress-park-mini-storage,2008-03-04T16:55:15.000-05:00,NA,NA,NA,NA,NA,NA,NA,NA,NA,NA,NA,NA,NA,FALSE,FALSE,NA,NA,FALSE,FALSE,NA,1679054,Progress Park Mini Storage,0,0,0,NA,"Moving & Storage, Moving Company, Moving Services, Moving Truck, Moving Equipment, Self Storage, Storage Container, portable storage container, moving and, moving in, movers, mover, moving movers, moving on movers, moving mover, self storage, moving companies, company moving, moving company, storage boxes, storage units, storage unit, movers companies, company movers, movers company, moving truck, storage facilities, packers and movers, movers and packers, movers packers, personal storage, moving quotes, moving on quotes, storage containers, car shipping, moving home, storage space, moving house, cardboard boxes, storage solutions, storage container, container storage, moving trucks, moving boxes, boxes for moving, moving and storage in, storage moving, storage and moving, moving storage, moving and storage, storage & moving, a moving and storage, moving to storage, moving rental,  storage bins,  move storage, movers storage, moving storage units, movers with storage, moving pods, moving storage containers, canada moving, moveing, residential moving companies, moving companies, the moving company, canadian moving, mover companies, company movers, moving companies with storage, moving company service, household movers, moving companies in canada, cost of moving across canada, national moving companies, moving estimate, shipping containers moving, moving trailer companies, moving companies local, moving company movers, moving van companies, long distance moving quote, moving agency, residential moving service,  moving van company, household shipping companies, long distance moving and storage, residential mover, company move, moving companies us, storage containers for moving, moving expenses, cross canada movers,  canada movers, home movers, local moving company,  moves canada, best moving companies, western moving and storage, best moving companies canada, moving across canada shipping, moving cost, storage company, moving company rates, moving business, long haul moving companies, full service movers, moving companies from canada to usa, moving prices, containers storage, online movers, packing moving companies, self moving services, movers van, move pods,",0,NA,FALSE,0,0,0,FALSE,NA,FALSE,FALSE,FALSE,1629206,0,407,NA,NA
https://homestars.com/on/orillia/moving-storage,15,https://homestars.com/on/orillia/moving-storage?&page=2&,Moving & Storage,2572467,NA,/companies/2572467-ace-self-storage-business-space?searched_category_id=407&service_area=1585671,NA,ace-self-storage-business-space,2008-03-04T16:55:15.000-05:00,NA,NA,NA,NA,NA,NA,NA,NA,NA,NA,NA,NA,NA,FALSE,FALSE,NA,NA,FALSE,FALSE,NA,1635519,Ace Self Storage & Business Space,0,0,0,NA,"Moving & Storage, Moving Company, Moving Services, Moving Truck, Moving Equipment, Self Storage, Storage Container, portable storage container, moving and, moving in, movers, mover, moving movers, moving on movers, moving mover, self storage, moving companies, company moving, moving company, storage boxes, storage units, storage unit, movers companies, company movers, movers company, moving truck, storage facilities, packers and movers, movers and packers, movers packers, personal storage, moving quotes, moving on quotes, storage containers, car shipping, moving home, storage space, moving house, cardboard boxes, storage solutions, storage container, container storage, moving trucks, moving boxes, boxes for moving, moving and storage in, storage moving, storage and moving, moving storage, moving and storage, storage & moving, a moving and storage, moving to storage, moving rental,  storage bins,  move storage, movers storage, moving storage units, movers with storage, moving pods, moving storage containers, canada moving, moveing, residential moving companies, moving companies, the moving company, canadian moving, mover companies, company movers, moving companies with storage, moving company service, household movers, moving companies in canada, cost of moving across canada, national moving companies, moving estimate, shipping containers moving, moving trailer companies, moving companies local, moving company movers, moving van companies, long distance moving quote, moving agency, residential moving service,  moving van company, household shipping companies, long distance moving and storage, residential mover, company move, moving companies us, storage containers for moving, moving expenses, cross canada movers,  canada movers, home movers, local moving company,  moves canada, best moving companies, western moving and storage, best moving companies canada, moving across canada shipping, moving cost, storage company, moving company rates, moving business, long haul moving companies, full service movers, moving companies from canada to usa, moving prices, containers storage, online movers, packing moving companies, self moving services, movers van, move pods,",0,NA,FALSE,0,0,0,FALSE,NA,FALSE,FALSE,FALSE,1585671,0,407,NA,NA
https://homestars.com/on/orillia/moving-storage,15,https://homestars.com/on/orillia/moving-storage?&page=2&,Moving & Storage,2658712,NA,/companies/2658712-gencon-storage?searched_category_id=407&service_area=1671916,NA,gencon-storage,2008-03-04T16:55:15.000-05:00,NA,NA,NA,NA,NA,NA,NA,NA,NA,NA,NA,NA,NA,FALSE,FALSE,NA,NA,FALSE,FALSE,NA,1721764,Gencon Storage,0,0,0,NA,"Moving & Storage, Moving Company, Moving Services, Moving Truck, Moving Equipment, Self Storage, Storage Container, portable storage container, moving and, moving in, movers, mover, moving movers, moving on movers, moving mover, self storage, moving companies, company moving, moving company, storage boxes, storage units, storage unit, movers companies, company movers, movers company, moving truck, storage facilities, packers and movers, movers and packers, movers packers, personal storage, moving quotes, moving on quotes, storage containers, car shipping, moving home, storage space, moving house, cardboard boxes, storage solutions, storage container, container storage, moving trucks, moving boxes, boxes for moving, moving and storage in, storage moving, storage and moving, moving storage, moving and storage, storage & moving, a moving and storage, moving to storage, moving rental,  storage bins,  move storage, movers storage, moving storage units, movers with storage, moving pods, moving storage containers, canada moving, moveing, residential moving companies, moving companies, the moving company, canadian moving, mover companies, company movers, moving companies with storage, moving company service, household movers, moving companies in canada, cost of moving across canada, national moving companies, moving estimate, shipping containers moving, moving trailer companies, moving companies local, moving company movers, moving van companies, long distance moving quote, moving agency, residential moving service,  moving van company, household shipping companies, long distance moving and storage, residential mover, company move, moving companies us, storage containers for moving, moving expenses, cross canada movers,  canada movers, home movers, local moving company,  moves canada, best moving companies, western moving and storage, best moving companies canada, moving across canada shipping, moving cost, storage company, moving company rates, moving business, long haul moving companies, full service movers, moving companies from canada to usa, moving prices, containers storage, online movers, packing moving companies, self moving services, movers van, move pods,",0,NA,FALSE,0,0,0,FALSE,NA,FALSE,FALSE,FALSE,1671916,0,407,NA,NA
https://homestars.com/on/orillia/moving-storage,15,https://homestars.com/on/orillia/moving-storage?&page=2&,Moving & Storage,2581792,NA,/companies/2581792-dial-delivery-moving-storage?searched_category_id=407&service_area=1594996,NA,dial-delivery-moving-storage,2008-03-04T16:55:15.000-05:00,NA,NA,NA,NA,NA,NA,NA,NA,NA,NA,NA,NA,NA,FALSE,FALSE,NA,NA,FALSE,FALSE,NA,1644844,Dial Delivery Moving & Storage,0,0,0,NA,"Moving & Storage, Moving Company, Moving Services, Moving Truck, Moving Equipment, Self Storage, Storage Container, portable storage container, moving and, moving in, movers, mover, moving movers, moving on movers, moving mover, self storage, moving companies, company moving, moving company, storage boxes, storage units, storage unit, movers companies, company movers, movers company, moving truck, storage facilities, packers and movers, movers and packers, movers packers, personal storage, moving quotes, moving on quotes, storage containers, car shipping, moving home, storage space, moving house, cardboard boxes, storage solutions, storage container, container storage, moving trucks, moving boxes, boxes for moving, moving and storage in, storage moving, storage and moving, moving storage, moving and storage, storage & moving, a moving and storage, moving to storage, moving rental,  storage bins,  move storage, movers storage, moving storage units, movers with storage, moving pods, moving storage containers, canada moving, moveing, residential moving companies, moving companies, the moving company, canadian moving, mover companies, company movers, moving companies with storage, moving company service, household movers, moving companies in canada, cost of moving across canada, national moving companies, moving estimate, shipping containers moving, moving trailer companies, moving companies local, moving company movers, moving van companies, long distance moving quote, moving agency, residential moving service,  moving van company, household shipping companies, long distance moving and storage, residential mover, company move, moving companies us, storage containers for moving, moving expenses, cross canada movers,  canada movers, home movers, local moving company,  moves canada, best moving companies, western moving and storage, best moving companies canada, moving across canada shipping, moving cost, storage company, moving company rates, moving business, long haul moving companies, full service movers, moving companies from canada to usa, moving prices, containers storage, online movers, packing moving companies, self moving services, movers van, move pods,",0,NA,FALSE,0,0,0,FALSE,NA,FALSE,FALSE,FALSE,1594996,0,407,NA,NA
https://homestars.com/on/orillia/moving-storage,15,https://homestars.com/on/orillia/moving-storage?&page=2&,Moving & Storage,2627631,NA,/companies/2627631-united-storage?searched_category_id=407&service_area=1640835,NA,united-storage,2008-03-04T16:55:15.000-05:00,NA,NA,NA,NA,NA,NA,NA,NA,NA,NA,NA,NA,NA,FALSE,FALSE,NA,NA,FALSE,FALSE,NA,1690683,United Storage,0,0,0,NA,"Moving & Storage, Moving Company, Moving Services, Moving Truck, Moving Equipment, Self Storage, Storage Container, portable storage container, moving and, moving in, movers, mover, moving movers, moving on movers, moving mover, self storage, moving companies, company moving, moving company, storage boxes, storage units, storage unit, movers companies, company movers, movers company, moving truck, storage facilities, packers and movers, movers and packers, movers packers, personal storage, moving quotes, moving on quotes, storage containers, car shipping, moving home, storage space, moving house, cardboard boxes, storage solutions, storage container, container storage, moving trucks, moving boxes, boxes for moving, moving and storage in, storage moving, storage and moving, moving storage, moving and storage, storage & moving, a moving and storage, moving to storage, moving rental,  storage bins,  move storage, movers storage, moving storage units, movers with storage, moving pods, moving storage containers, canada moving, moveing, residential moving companies, moving companies, the moving company, canadian moving, mover companies, company movers, moving companies with storage, moving company service, household movers, moving companies in canada, cost of moving across canada, national moving companies, moving estimate, shipping containers moving, moving trailer companies, moving companies local, moving company movers, moving van companies, long distance moving quote, moving agency, residential moving service,  moving van company, household shipping companies, long distance moving and storage, residential mover, company move, moving companies us, storage containers for moving, moving expenses, cross canada movers,  canada movers, home movers, local moving company,  moves canada, best moving companies, western moving and storage, best moving companies canada, moving across canada shipping, moving cost, storage company, moving company rates, moving business, long haul moving companies, full service movers, moving companies from canada to usa, moving prices, containers storage, online movers, packing moving companies, self moving services, movers van, move pods,",0,NA,FALSE,0,0,0,FALSE,NA,FALSE,FALSE,FALSE,1640835,0,407,NA,NA
https://homestars.com/on/orillia/moving-storage,15,https://homestars.com/on/orillia/moving-storage?&page=2&,Moving & Storage,2593217,NA,/companies/2593217-sundial-mini-storage-industrial-mall?searched_category_id=407&service_area=1606421,NA,sundial-mini-storage-industrial-mall,2008-03-04T16:55:15.000-05:00,NA,NA,NA,NA,NA,NA,NA,NA,NA,NA,NA,NA,NA,FALSE,FALSE,NA,NA,FALSE,FALSE,NA,1656269,Sundial Mini Storage & Industrial Mall,0,0,0,NA,"Moving & Storage, Moving Company, Moving Services, Moving Truck, Moving Equipment, Self Storage, Storage Container, portable storage container, moving and, moving in, movers, mover, moving movers, moving on movers, moving mover, self storage, moving companies, company moving, moving company, storage boxes, storage units, storage unit, movers companies, company movers, movers company, moving truck, storage facilities, packers and movers, movers and packers, movers packers, personal storage, moving quotes, moving on quotes, storage containers, car shipping, moving home, storage space, moving house, cardboard boxes, storage solutions, storage container, container storage, moving trucks, moving boxes, boxes for moving, moving and storage in, storage moving, storage and moving, moving storage, moving and storage, storage & moving, a moving and storage, moving to storage, moving rental,  storage bins,  move storage, movers storage, moving storage units, movers with storage, moving pods, moving storage containers, canada moving, moveing, residential moving companies, moving companies, the moving company, canadian moving, mover companies, company movers, moving companies with storage, moving company service, household movers, moving companies in canada, cost of moving across canada, national moving companies, moving estimate, shipping containers moving, moving trailer companies, moving companies local, moving company movers, moving van companies, long distance moving quote, moving agency, residential moving service,  moving van company, household shipping companies, long distance moving and storage, residential mover, company move, moving companies us, storage containers for moving, moving expenses, cross canada movers,  canada movers, home movers, local moving company,  moves canada, best moving companies, western moving and storage, best moving companies canada, moving across canada shipping, moving cost, storage company, moving company rates, moving business, long haul moving companies, full service movers, moving companies from canada to usa, moving prices, containers storage, online movers, packing moving companies, self moving services, movers van, move pods,",0,NA,FALSE,0,0,0,FALSE,NA,FALSE,FALSE,FALSE,1606421,0,407,NA,NA
https://homestars.com/on/orillia/moving-storage,15,https://homestars.com/on/orillia/moving-storage?&page=2&,Moving & Storage,2605432,NA,/companies/2605432-century-stone-public-storage?searched_category_id=407&service_area=1618636,NA,century-stone-public-storage,2008-03-04T16:55:15.000-05:00,NA,NA,NA,NA,NA,NA,NA,NA,NA,NA,NA,NA,NA,FALSE,FALSE,NA,NA,FALSE,FALSE,NA,1668484,Century Stone Public Storage,0,0,0,NA,"Moving & Storage, Moving Company, Moving Services, Moving Truck, Moving Equipment, Self Storage, Storage Container, portable storage container, moving and, moving in, movers, mover, moving movers, moving on movers, moving mover, self storage, moving companies, company moving, moving company, storage boxes, storage units, storage unit, movers companies, company movers, movers company, moving truck, storage facilities, packers and movers, movers and packers, movers packers, personal storage, moving quotes, moving on quotes, storage containers, car shipping, moving home, storage space, moving house, cardboard boxes, storage solutions, storage container, container storage, moving trucks, moving boxes, boxes for moving, moving and storage in, storage moving, storage and moving, moving storage, moving and storage, storage & moving, a moving and storage, moving to storage, moving rental,  storage bins,  move storage, movers storage, moving storage units, movers with storage, moving pods, moving storage containers, canada moving, moveing, residential moving companies, moving companies, the moving company, canadian moving, mover companies, company movers, moving companies with storage, moving company service, household movers, moving companies in canada, cost of moving across canada, national moving companies, moving estimate, shipping containers moving, moving trailer companies, moving companies local, moving company movers, moving van companies, long distance moving quote, moving agency, residential moving service,  moving van company, household shipping companies, long distance moving and storage, residential mover, company move, moving companies us, storage containers for moving, moving expenses, cross canada movers,  canada movers, home movers, local moving company,  moves canada, best moving companies, western moving and storage, best moving companies canada, moving across canada shipping, moving cost, storage company, moving company rates, moving business, long haul moving companies, full service movers, moving companies from canada to usa, moving prices, containers storage, online movers, packing moving companies, self moving services, movers van, move pods,",0,NA,FALSE,0,0,0,FALSE,NA,FALSE,FALSE,FALSE,1618636,0,407,NA,NA
