Link,n_hits,all_links,category,id,url,hs_path,profile,permalink,created_at,sic_code,service_area,hours,products,services,brands,specialities,established,employee_cnt,payment_method,diplomas,licenses,memberships,liability_insurance,bonded,project_rate,project_minimum,written_contract,written_warranty,warranty_terms,parent_company_id,name,total_number_of_reviews_cache,total_number_of_approved_reviews_cache,number_of_photos_cache,avg_rating_cache,categories_info_cache,savings_count,claimed_at,subdomain,fraudulent,fraudulent_count,total_number_of_pending_reviews_cache,images_count,completion_percent_cache,bully,secret,replied_to_at_least_one_review_cache,has_set_tasks,lead_purchase_eligible,service_area_id,star_score,quote_button_category,direct_phone,direct_contact,latest_approved_review_created_at
https://homestars.com/on/pitt%20meadows/builders,70,"c(""https://homestars.com/on/pitt%20meadows/builders?&page=2&"", ""https://homestars.com/on/pitt%20meadows/builders?&page=3&"", ""https://homestars.com/on/pitt%20meadows/builders?&page=4&"", ""https://homestars.com/on/pitt%20meadows/builders?&page=5&"", ""https://homestars.com/on/pitt%20meadows/builders?&page=6&"", ""https://homestars.com/on/pitt%20meadows/builders?&page=7&"")",Builders,2967347,https://embarkhomes.ca/,/companies/2967347-embark-homes-ltd?searched_category_id=321&service_area=2279394,"For over 25 years, Embark Homes has been providing top-tier, design-focused residential builds, renovations and construction management services to clients across the Lower Mainland. We believe that transparency and communication are key factors to managing and building beautiful, custom homes and pride ourselves on our ability to liaise seamlessly between our clients and tradespeople.

We are fully licensed residential home builders and offer 2 – 5 – 10 warranty by National Home Warranty.",embark-homes-ltd,2022-04-20T21:54:31.000-04:00,NA,NA,NA,,,,,1995,NA,,,Licensed Home Builders ,"HAVAN, CHBA, RenoMark, Better Business Bureau ",TRUE,FALSE,,,TRUE,FALSE,2-5-10 Warranty by National Home Warranty,2029265,Embark Homes LTD,4,4,22,10,"Builders, Home Builders, Home Contractors, residential builders, home construction companies, residential building contractor, builder, construction builders, local home builders, custom home builders, master builders, general builders, new home builders, building contractors, custom home builders, luxury home builders, ,Demolition, demolition, excavation, salvage, city demolition, demolition city, demolition company, demolition companies, demolition co, demolition inc, demolition business, concrete removal, demolition of building, building demolition, demolition building, demolition contractors, demolition of house, demolition house, house demolition, house for demolition, demolition removal, demolition and removal, demolition home, home demolition, demolish house, how to demolish a house, demo companies, demolition and construction, demolition construction, construction and demolition, construction demolition, demolition contractor, demolition tools, cost of demolition, demolition cost, demolishing a house, demolition concrete, demolition of concrete, concrete demolition, ,General Contractors, Residential General Contractor, Building Contractor, Additions, Remodeling Contractor,  Renovation, Builder, building construction, renovation, remodeling, construction builders, construction company, construction companies, home repair, construction jobs, home remodeling, general contractors, contractors general, contractor general, contractors construction, construction contractors, home improvement and remodeling, kitchen remodeling, construction contractor, builders contractors, home renovation, general contracting, building contractors, building companies, home renovations, builder contractor, building contractor, remodeling contractor, commercial construction, residential construction, house contractor, concrete contractors, home contractors, general construction, construction general, contractors remodeling, remodeling contractors, remodelers, remodel contractor, remodel contractors, general contract, commercial contractors, renovations contractors, home improvement contractor, licensed contractor, license general contractor, mud room, mudroom, caulking, ,Home Additions, General contractor, home improvement, building addition, home expansion, house expansion, house building, plans house, house plans from, plans for house, the house plans, house plans, renovation, in house design, home plans house, home house plans, house home plans, house plans home, remodeling, house plans and designs, designs house plans, house designs plans, house plans designs, home plans and designs, home designs plans, floor plans, house build, renovations, plans for building, kitchen cabinets, remodel, kitchen design, house plans for building, house plans building, ,",0,2022-04-20T21:59:04.000-04:00,embarkhomes,FALSE,0,0,24,0,FALSE,3833281d32ae4124a1e9367a0b248800fb3bf76d,TRUE,TRUE,TRUE,2279394,90.4047927505,321,NA,NA,NA
https://homestars.com/on/pitt%20meadows/builders,70,"c(""https://homestars.com/on/pitt%20meadows/builders?&page=2&"", ""https://homestars.com/on/pitt%20meadows/builders?&page=3&"", ""https://homestars.com/on/pitt%20meadows/builders?&page=4&"", ""https://homestars.com/on/pitt%20meadows/builders?&page=5&"", ""https://homestars.com/on/pitt%20meadows/builders?&page=6&"", ""https://homestars.com/on/pitt%20meadows/builders?&page=7&"")",Builders,2785322,http://www.landofozcontracting.com,/companies/2785322-land-of-oz?searched_category_id=321&service_area=1842064,"Reliable Contractor Experts
As a premier company dedicated to providing premier customer service, it is important to us to deliver unparalleled workmanship on every assignment.​ We offer a wide range of services to meet your project needs and ensure durable and cost effective workmanship.


Communication is Key
We will work with you to meet deadlines and coordinate with other related projects. We will maintain open communication with you to keep you up to date on the status of your job. We do this to guarantee that the project is completed according to your preferences.


Satisfaction Guaranteed
We strive to save you both time and money by combining our use of industry knowledge, the highest quality parts and equipment, and our dedication to delivering exceptional service. We will not leave the job until it is finished and you are satisfied.",land-of-oz,2011-03-06T16:54:20.000-05:00,NA,Lower Mainland,,,,,Providing unparalleled service to your region!,2007,NA,"Cash, Cheque and e-transfer",,,,TRUE,FALSE,,,TRUE,FALSE,2-5-10 Warranty Available. Kindly ask for more details. ,1848374,Land Of Oz,11,11,6,9.72727,"General Contractors, Residential General Contractor, Building Contractor, Additions, Remodeling Contractor,  Renovation, Builder, building construction, renovation, remodeling, construction builders, construction company, construction companies, home repair, construction jobs, home remodeling, general contractors, contractors general, contractor general, contractors construction, construction contractors, home improvement and remodeling, kitchen remodeling, construction contractor, builders contractors, home renovation, general contracting, building contractors, building companies, home renovations, builder contractor, building contractor, remodeling contractor, commercial construction, residential construction, house contractor, concrete contractors, home contractors, general construction, construction general, contractors remodeling, remodeling contractors, remodelers, remodel contractor, remodel contractors, general contract, commercial contractors, renovations contractors, home improvement contractor, licensed contractor, license general contractor, mud room, mudroom, caulking, ,Builders, Home Builders, Home Contractors, residential builders, home construction companies, residential building contractor, builder, construction builders, local home builders, custom home builders, master builders, general builders, new home builders, building contractors, custom home builders, luxury home builders, ,Design/Build, Contracting, Renovation, Remodeling, Restoration, Project Management, Renovation Assistance, Reno Management, architect, architects, design build, build & design, design and build, build by design, design to build. building construction, building a house, house designs, house plans, home designs, house plan, how to design a house, design house, house design, remodeling, building and design, design for building, design building, building by design, a building design, design of building, building design, design a building, building & design,  playsets, playground, wooden playset, wooden playground, play set, ,",0,2011-03-31T01:38:51.000-04:00,NA,FALSE,0,0,13,NA,FALSE,60d2ed8530c3063356b37fa18528ec02157f35fd,TRUE,TRUE,TRUE,1842064,94.8564213251,321,NA,NA,2014-10-30T13:56:03.000-04:00
https://homestars.com/on/pitt%20meadows/builders,70,"c(""https://homestars.com/on/pitt%20meadows/builders?&page=2&"", ""https://homestars.com/on/pitt%20meadows/builders?&page=3&"", ""https://homestars.com/on/pitt%20meadows/builders?&page=4&"", ""https://homestars.com/on/pitt%20meadows/builders?&page=5&"", ""https://homestars.com/on/pitt%20meadows/builders?&page=6&"", ""https://homestars.com/on/pitt%20meadows/builders?&page=7&"")",Builders,2924320,https://pacificbluedevelopments.ca/,/companies/2924320-pacific-blue-developments-ltd?searched_category_id=321&service_area=2235900,"Welcome to Pacific Blue Developments Ltd. We are Vancouver's premier custom home builders and we're here to make your dream a reality.  We specialize in custom homes, lane way homes, and duplexes.  Our experience, and knowledge of construction allows us to take the hassle out of building. We'll set a time to sit down with you and go over your project needs and work with you to achieve them. 

Some special things about us:

-We are family owned business
-We are a locally owned and operated business 
-We work on residential projects
-We work on commercial projects 
-We do all types of renovations 
-We work on and build high end homes 
-We work on and build cookie cutter homes 


****

Contact us today to schedule an appointment. We're looking forward to working with you. ",pacific-blue-developments-ltd,2018-11-19T12:44:46.000-05:00,NA,NA,NA,,,,,2018,NA,,,47050,BC Housing ,TRUE,FALSE,,,TRUE,FALSE,2-5-10 year warranty on new construction,1986494,Pacific Blue Developments Ltd,5,4,34,10,"General Contractors, Residential General Contractor, Building Contractor, Additions, Remodeling Contractor,  Renovation, Builder, building construction, renovation, remodeling, construction builders, construction company, construction companies, home repair, construction jobs, home remodeling, general contractors, contractors general, contractor general, contractors construction, construction contractors, home improvement and remodeling, kitchen remodeling, construction contractor, builders contractors, home renovation, general contracting, building contractors, building companies, home renovations, builder contractor, building contractor, remodeling contractor, commercial construction, residential construction, house contractor, concrete contractors, home contractors, general construction, construction general, contractors remodeling, remodeling contractors, remodelers, remodel contractor, remodel contractors, general contract, commercial contractors, renovations contractors, home improvement contractor, licensed contractor, license general contractor, mud room, mudroom, caulking, ,Builders, Home Builders, Home Contractors, residential builders, home construction companies, residential building contractor, builder, construction builders, local home builders, custom home builders, master builders, general builders, new home builders, building contractors, custom home builders, luxury home builders, ,",0,2018-11-19T12:45:06.000-05:00,pacificbluedev,FALSE,0,0,40,0,FALSE,d256f1d552fe369ff70c55c474ab49d55c9584e2,TRUE,TRUE,TRUE,2235900,75.1678096806,321,NA,NA,NA
https://homestars.com/on/pitt%20meadows/builders,70,"c(""https://homestars.com/on/pitt%20meadows/builders?&page=2&"", ""https://homestars.com/on/pitt%20meadows/builders?&page=3&"", ""https://homestars.com/on/pitt%20meadows/builders?&page=4&"", ""https://homestars.com/on/pitt%20meadows/builders?&page=5&"", ""https://homestars.com/on/pitt%20meadows/builders?&page=6&"", ""https://homestars.com/on/pitt%20meadows/builders?&page=7&"")",Builders,2924342,https://www.urbanroots.ca/,/companies/2924342-urban-roots-build-co-inc?searched_category_id=321&service_area=2183602,"Urban Roots Build Co. Inc. is a Certified Residential Building Company and design build construction firm specializing in Custom Home build projects and renovations. We like to consider ourselves unique in that we truly care about the best interests of our customers. Straight up, honest, easy going and transparent…we are passionate about our craft and would love to work with you to offer advice and help you make the best decisions possible for your building project.

Over the last 25 years Mark and Grant have been very active in many facets of the building industry. They have worked for several top firms ranging from residential development to design build of medium to high end custom homes and renovations. From direct site management to management of construction divisions and company general management.

Our best sense of accomplishment comes when a homeowner is appreciating their new home and reflecting on how much they enjoyed the journey!

Call Mark to discuss your home project ideas and to discuss the process.

",urban-roots-build-co-inc,2018-11-19T16:53:41.000-05:00,NA,NA,NA,,"Design Build Construction, project management, general contracting ",,"Renovations from bathrooms to complete full house re-builds, additions, Custom Homes, Exterior Spaces and Design Build",2017,NA,"Cash, Cheque or E-Transfer",Bachelor of Arts...UBC,,Certified Residential/Renovation Builder (CHBA),TRUE,FALSE,,,TRUE,FALSE,"Yes, ask for details ",1986516,Urban Roots Build Co. Inc.,22,20,69,9.85,"General Contractors, Residential General Contractor, Building Contractor, Additions, Remodeling Contractor,  Renovation, Builder, building construction, renovation, remodeling, construction builders, construction company, construction companies, home repair, construction jobs, home remodeling, general contractors, contractors general, contractor general, contractors construction, construction contractors, home improvement and remodeling, kitchen remodeling, construction contractor, builders contractors, home renovation, general contracting, building contractors, building companies, home renovations, builder contractor, building contractor, remodeling contractor, commercial construction, residential construction, house contractor, concrete contractors, home contractors, general construction, construction general, contractors remodeling, remodeling contractors, remodelers, remodel contractor, remodel contractors, general contract, commercial contractors, renovations contractors, home improvement contractor, licensed contractor, license general contractor, mud room, mudroom, caulking, ,Builders, Home Builders, Home Contractors, residential builders, home construction companies, residential building contractor, builder, construction builders, local home builders, custom home builders, master builders, general builders, new home builders, building contractors, custom home builders, luxury home builders, ,Home Additions, General contractor, home improvement, building addition, home expansion, house expansion, house building, plans house, house plans from, plans for house, the house plans, house plans, renovation, in house design, home plans house, home house plans, house home plans, house plans home, remodeling, house plans and designs, designs house plans, house designs plans, house plans designs, home plans and designs, home designs plans, floor plans, house build, renovations, plans for building, kitchen cabinets, remodel, kitchen design, house plans for building, house plans building, ,",0,2018-11-19T16:54:30.000-05:00,,FALSE,0,0,118,0,FALSE,a5bcefc448febbc1241ab3a94bd02fe63d21fce7,TRUE,TRUE,TRUE,2183602,94.7556099835,321,NA,NA,NA
https://homestars.com/on/pitt%20meadows/builders,70,"c(""https://homestars.com/on/pitt%20meadows/builders?&page=2&"", ""https://homestars.com/on/pitt%20meadows/builders?&page=3&"", ""https://homestars.com/on/pitt%20meadows/builders?&page=4&"", ""https://homestars.com/on/pitt%20meadows/builders?&page=5&"", ""https://homestars.com/on/pitt%20meadows/builders?&page=6&"", ""https://homestars.com/on/pitt%20meadows/builders?&page=7&"")",Builders,2917255,https://moderadevelopments.com/,/companies/2917255-modera-developments-ltd?searched_category_id=321&service_area=2269017,"exceptional design.
extraordinary innovation.

It all begins with an idea. 
Maybe you want to launch a business. 
Or maybe you are just tired of what you have and want a change. 

Modera Developments has over a 13 years of experience in many facets of home renovations, design, construction, and project management. 
With our on-staff team of trade specialists, we’re able to offer competitive rates and a one-stop shop for your next build. 

Floor to Ceiling.
Renovations are a big undertaking, even the smallest of projects. 
We can help make these simple and easy with painting, flooring, ceiling resurfacing, and advice on best practices. 

Everything in-Between.
You may have the floors and ceilings covered, but what about the walls? We offer in-house trade specialists for plumbing, electrical, and insulation (spray foam or fiberglass). 
We also offer drywall services.

Providing the Right Support.
As part of being a one-stop shop, we can repair or replace your existing roof, from just the tiles/singles to a full replacement. 
Framing services are also available.

From the Ground up.
Starting from scratch? Looking to build a new lane home or coach house on your property? 
Let Modera design and build your home extension. 
We’re always on the cutting edge of trends for modular and condensed-footing homes, and can recommend options to maximize livability and budget.
",modera-developments-ltd,2018-05-28T15:16:26.000-04:00,NA,NA,NA,,,,New Build | Renovations,2009,NA,Cheque | E-Transfer,,Fully Licensed,,TRUE,FALSE,,,TRUE,FALSE,,1979439,MODERA Developments Ltd.,1,1,36,10,"Builders, Home Builders, Home Contractors, residential builders, home construction companies, residential building contractor, builder, construction builders, local home builders, custom home builders, master builders, general builders, new home builders, building contractors, custom home builders, luxury home builders, ,General Contractors, Residential General Contractor, Building Contractor, Additions, Remodeling Contractor,  Renovation, Builder, building construction, renovation, remodeling, construction builders, construction company, construction companies, home repair, construction jobs, home remodeling, general contractors, contractors general, contractor general, contractors construction, construction contractors, home improvement and remodeling, kitchen remodeling, construction contractor, builders contractors, home renovation, general contracting, building contractors, building companies, home renovations, builder contractor, building contractor, remodeling contractor, commercial construction, residential construction, house contractor, concrete contractors, home contractors, general construction, construction general, contractors remodeling, remodeling contractors, remodelers, remodel contractor, remodel contractors, general contract, commercial contractors, renovations contractors, home improvement contractor, licensed contractor, license general contractor, mud room, mudroom, caulking, ,",0,2018-05-28T15:17:02.000-04:00,modera,FALSE,0,0,40,0,FALSE,05563eda5296c343fdac1bec932ab7050578afa5,TRUE,TRUE,TRUE,2269017,90.2810612104,321,NA,NA,NA
https://homestars.com/on/pitt%20meadows/builders,70,"c(""https://homestars.com/on/pitt%20meadows/builders?&page=2&"", ""https://homestars.com/on/pitt%20meadows/builders?&page=3&"", ""https://homestars.com/on/pitt%20meadows/builders?&page=4&"", ""https://homestars.com/on/pitt%20meadows/builders?&page=5&"", ""https://homestars.com/on/pitt%20meadows/builders?&page=6&"", ""https://homestars.com/on/pitt%20meadows/builders?&page=7&"")",Builders,2972642,https://vibedesignbuild.com,/companies/2972642-vibe-design-buiild?searched_category_id=321&service_area=2291537,"Vibe Design Build provides over 25 years experience in the design build space. 

We work to provide you with the absolute best design regardless of what your project entails.

Vibe handles all the details. We submit your project for building permits with the city and work closely with them to expedite the process. Once the permit is awarded we then execute your project to the highest standards with our highly skilled tradespeople. 

We deliver a project thats on time and on budget, all the while keeping you involved through our industry leading software system that provide you with 100% transparency throughout the project.
",vibe-design-buiild,2022-09-05T13:37:01.000-04:00,NA,NA,NA,,"Architecure 
Design
3D Rendering
Renovation
Custom Home
Additions
Basement suites",,,NA,5,,,,Havan,FALSE,FALSE,,,TRUE,FALSE,,2034553,Vibe Design Buiild,1,1,0,9,"Builders, Home Builders, Home Contractors, residential builders, home construction companies, residential building contractor, builder, construction builders, local home builders, custom home builders, master builders, general builders, new home builders, building contractors, custom home builders, luxury home builders, ,General Contractors, Residential General Contractor, Building Contractor, Additions, Remodeling Contractor,  Renovation, Builder, building construction, renovation, remodeling, construction builders, construction company, construction companies, home repair, construction jobs, home remodeling, general contractors, contractors general, contractor general, contractors construction, construction contractors, home improvement and remodeling, kitchen remodeling, construction contractor, builders contractors, home renovation, general contracting, building contractors, building companies, home renovations, builder contractor, building contractor, remodeling contractor, commercial construction, residential construction, house contractor, concrete contractors, home contractors, general construction, construction general, contractors remodeling, remodeling contractors, remodelers, remodel contractor, remodel contractors, general contract, commercial contractors, renovations contractors, home improvement contractor, licensed contractor, license general contractor, mud room, mudroom, caulking, ,",0,2022-09-05T13:37:10.000-04:00,,FALSE,0,0,1,0,FALSE,085840a1840cd21818038e34c4f55bdf6cfb1bbf,TRUE,TRUE,TRUE,2291537,82.5010715741,321,NA,NA,NA
https://homestars.com/on/pitt%20meadows/builders,70,"c(""https://homestars.com/on/pitt%20meadows/builders?&page=2&"", ""https://homestars.com/on/pitt%20meadows/builders?&page=3&"", ""https://homestars.com/on/pitt%20meadows/builders?&page=4&"", ""https://homestars.com/on/pitt%20meadows/builders?&page=5&"", ""https://homestars.com/on/pitt%20meadows/builders?&page=6&"", ""https://homestars.com/on/pitt%20meadows/builders?&page=7&"")",Builders,2969663,https://www.nordstarconstruction.ca/,/companies/2969663-nordstar-construction-ltd?searched_category_id=321&service_area=2284525,"Our mission is to develop strong relationships and deliver exceptional results for each individual client through our commitment to excellence. We are General Contractors specializing in all Residential & Commercial Construction. 

https://www.nordstarconstruction.ca/
sales@nordstarconstruction.ca

604 781 5694
604 753 8722",nordstar-construction-ltd,2022-06-21T16:58:48.000-04:00,NA,NA,NA,,"GENERAL CONTRACTOR:
Custom Homes, Design-Build services, Commercial Construction, Pre-construction consultations

DESIGN & BUILD:
Custom home designs, Architectural and engineering services, Permit applications, Interior design, Pre-construction consultations

RESIDENTIAL CONTRUCTION:
Custom homes, Major renovations, Restoration, Project Management, Fixed price guarantee

COMMERCIAL CONSTRUCTION:
Design builds, Multi-unit complexes, Tenant improvements, Project management, Cost consulting",,,NA,NA,,,,,TRUE,TRUE,,,TRUE,FALSE,,2031581,Nordstar Construction Ltd.,0,0,1,NA,"Builders, Home Builders, Home Contractors, residential builders, home construction companies, residential building contractor, builder, construction builders, local home builders, custom home builders, master builders, general builders, new home builders, building contractors, custom home builders, luxury home builders, ,General Contractors, Residential General Contractor, Building Contractor, Additions, Remodeling Contractor,  Renovation, Builder, building construction, renovation, remodeling, construction builders, construction company, construction companies, home repair, construction jobs, home remodeling, general contractors, contractors general, contractor general, contractors construction, construction contractors, home improvement and remodeling, kitchen remodeling, construction contractor, builders contractors, home renovation, general contracting, building contractors, building companies, home renovations, builder contractor, building contractor, remodeling contractor, commercial construction, residential construction, house contractor, concrete contractors, home contractors, general construction, construction general, contractors remodeling, remodeling contractors, remodelers, remodel contractor, remodel contractors, general contract, commercial contractors, renovations contractors, home improvement contractor, licensed contractor, license general contractor, mud room, mudroom, caulking, ,Design/Build, Contracting, Renovation, Remodeling, Restoration, Project Management, Renovation Assistance, Reno Management, architect, architects, design build, build & design, design and build, build by design, design to build. building construction, building a house, house designs, house plans, home designs, house plan, how to design a house, design house, house design, remodeling, building and design, design for building, design building, building by design, a building design, design of building, building design, design a building, building & design,  playsets, playground, wooden playset, wooden playground, play set, ,",0,2022-06-21T17:00:06.000-04:00,,FALSE,0,0,2,0,FALSE,90f113eb930e84bfe5b56a2addd0652694494cff,FALSE,TRUE,TRUE,2284525,-1.0,321,NA,NA,NA
https://homestars.com/on/pitt%20meadows/builders,70,"c(""https://homestars.com/on/pitt%20meadows/builders?&page=2&"", ""https://homestars.com/on/pitt%20meadows/builders?&page=3&"", ""https://homestars.com/on/pitt%20meadows/builders?&page=4&"", ""https://homestars.com/on/pitt%20meadows/builders?&page=5&"", ""https://homestars.com/on/pitt%20meadows/builders?&page=6&"", ""https://homestars.com/on/pitt%20meadows/builders?&page=7&"")",Builders,2896276,NA,/companies/2896276-alantra-construction?searched_category_id=321&service_area=2121422,NA,alantra-construction,2017-04-20T16:10:59.000-04:00,NA,NA,NA,NA,NA,NA,NA,NA,NA,NA,NA,NA,NA,FALSE,FALSE,NA,NA,FALSE,FALSE,NA,1958700,Alantra Construction,1,1,12,10,"Builders, Home Builders, Home Contractors, residential builders, home construction companies, residential building contractor, builder, construction builders, local home builders, custom home builders, master builders, general builders, new home builders, building contractors, custom home builders, luxury home builders, ,",0,2017-04-20T16:11:30.000-04:00,NA,FALSE,0,0,13,0,FALSE,823c6c2e2d16a98f25bdcb7b75a0ac872fb06791,FALSE,TRUE,FALSE,2121422,80.6830986329,321,NA,NA,NA
https://homestars.com/on/pitt%20meadows/builders,70,"c(""https://homestars.com/on/pitt%20meadows/builders?&page=2&"", ""https://homestars.com/on/pitt%20meadows/builders?&page=3&"", ""https://homestars.com/on/pitt%20meadows/builders?&page=4&"", ""https://homestars.com/on/pitt%20meadows/builders?&page=5&"", ""https://homestars.com/on/pitt%20meadows/builders?&page=6&"", ""https://homestars.com/on/pitt%20meadows/builders?&page=7&"")",Builders,2856331,NA,/companies/2856331-eleven11-construction-ltd?searched_category_id=321&service_area=1981088,NA,eleven11-construction-ltd,2014-07-10T17:27:36.000-04:00,NA,NA,NA,NA,NA,NA,NA,NA,NA,NA,NA,NA,NA,FALSE,FALSE,NA,NA,FALSE,FALSE,NA,1918761,Eleven11 Construction Ltd,1,1,0,10,"Builders, Home Builders, Home Contractors, residential builders, home construction companies, residential building contractor, builder, construction builders, local home builders, custom home builders, master builders, general builders, new home builders, building contractors, custom home builders, luxury home builders, ,",0,2014-07-10T17:27:37.000-04:00,NA,FALSE,0,0,0,0,FALSE,0b0fb970ad244bddfb3c1bc54a1f6bf46f9d7642,FALSE,FALSE,FALSE,1981088,70.6298086543,321,NA,NA,2014-07-10T17:30:23.000-04:00
https://homestars.com/on/pitt%20meadows/builders,70,"c(""https://homestars.com/on/pitt%20meadows/builders?&page=2&"", ""https://homestars.com/on/pitt%20meadows/builders?&page=3&"", ""https://homestars.com/on/pitt%20meadows/builders?&page=4&"", ""https://homestars.com/on/pitt%20meadows/builders?&page=5&"", ""https://homestars.com/on/pitt%20meadows/builders?&page=6&"", ""https://homestars.com/on/pitt%20meadows/builders?&page=7&"")",Builders,2853188,NA,/companies/2853188-epic-homes?searched_category_id=321&service_area=1970240,NA,epic-homes,2014-05-05T15:24:49.000-04:00,NA,NA,NA,NA,NA,NA,NA,NA,NA,NA,NA,NA,NA,FALSE,FALSE,NA,NA,FALSE,FALSE,NA,1915619,Epic Homes,5,4,0,0.5,"Builders, Home Builders, Home Contractors, residential builders, home construction companies, residential building contractor, builder, construction builders, local home builders, custom home builders, master builders, general builders, new home builders, building contractors, custom home builders, luxury home builders, ,",0,2014-05-05T15:24:50.000-04:00,NA,FALSE,0,0,0,0,FALSE,c81d888d73f0a73bda39333cc2a7a6e3e4b48938,FALSE,TRUE,FALSE,1970240,7.8061395158,321,NA,NA,NA
https://homestars.com/on/pitt%20meadows/builders,70,"c(""https://homestars.com/on/pitt%20meadows/builders?&page=2&"", ""https://homestars.com/on/pitt%20meadows/builders?&page=3&"", ""https://homestars.com/on/pitt%20meadows/builders?&page=4&"", ""https://homestars.com/on/pitt%20meadows/builders?&page=5&"", ""https://homestars.com/on/pitt%20meadows/builders?&page=6&"", ""https://homestars.com/on/pitt%20meadows/builders?&page=7&"")",Builders,2784173,NA,/companies/2784173-domag-construction-inc?searched_category_id=321&service_area=1840211,NA,domag-construction-inc,2011-02-15T03:27:24.000-05:00,NA,NA,NA,NA,NA,NA,NA,NA,NA,NA,NA,NA,NA,FALSE,FALSE,NA,NA,FALSE,FALSE,NA,1847225,Domag Construction Inc.,4,1,0,0,"Builders, Home Builders, Home Contractors, residential builders, home construction companies, residential building contractor, builder, construction builders, local home builders, custom home builders, master builders, general builders, new home builders, building contractors, custom home builders, luxury home builders, ,",0,2011-02-15T03:27:25.000-05:00,NA,FALSE,0,0,0,NA,FALSE,2b6737d2d31f1680efe860bf871a33ca71faaa76,TRUE,FALSE,FALSE,1840211,0.0,321,NA,NA,2011-06-06T03:50:35.000-04:00
https://homestars.com/on/pitt%20meadows/builders,70,"c(""https://homestars.com/on/pitt%20meadows/builders?&page=2&"", ""https://homestars.com/on/pitt%20meadows/builders?&page=3&"", ""https://homestars.com/on/pitt%20meadows/builders?&page=4&"", ""https://homestars.com/on/pitt%20meadows/builders?&page=5&"", ""https://homestars.com/on/pitt%20meadows/builders?&page=6&"", ""https://homestars.com/on/pitt%20meadows/builders?&page=7&"")",Builders,2910091,NA,/companies/2910091-platinum-ridge-homes-inc?searched_category_id=321&service_area=2150632,NA,platinum-ridge-homes-inc,2018-02-17T17:37:12.000-05:00,NA,NA,NA,NA,NA,NA,NA,NA,NA,NA,NA,NA,NA,FALSE,FALSE,NA,NA,FALSE,FALSE,NA,1972276,Platinum Ridge Homes Inc,0,0,0,NA,"Builders, Home Builders, Home Contractors, residential builders, home construction companies, residential building contractor, builder, construction builders, local home builders, custom home builders, master builders, general builders, new home builders, building contractors, custom home builders, luxury home builders, ,",0,2018-02-17T17:38:27.000-05:00,NA,FALSE,0,0,0,0,FALSE,bc36054c7ca25dbafcc0e6338b43dc34dca2c4bb,FALSE,FALSE,FALSE,2150632,0,321,NA,NA,NA
https://homestars.com/on/pitt%20meadows/builders,70,"c(""https://homestars.com/on/pitt%20meadows/builders?&page=2&"", ""https://homestars.com/on/pitt%20meadows/builders?&page=3&"", ""https://homestars.com/on/pitt%20meadows/builders?&page=4&"", ""https://homestars.com/on/pitt%20meadows/builders?&page=5&"", ""https://homestars.com/on/pitt%20meadows/builders?&page=6&"", ""https://homestars.com/on/pitt%20meadows/builders?&page=7&"")",Builders,2905432,NA,/companies/2905432-fasun-projects-inc?searched_category_id=321&service_area=2140782,NA,fasun-projects-inc,2017-11-27T14:06:51.000-05:00,NA,NA,NA,NA,NA,NA,NA,NA,NA,NA,NA,NA,NA,FALSE,FALSE,NA,NA,FALSE,FALSE,NA,1967617,Fasun Projects Inc.,0,0,0,NA,"Builders, Home Builders, Home Contractors, residential builders, home construction companies, residential building contractor, builder, construction builders, local home builders, custom home builders, master builders, general builders, new home builders, building contractors, custom home builders, luxury home builders, ,",0,NA,NA,FALSE,0,0,0,0,FALSE,26e3806b388c27138fb4235d9d75c91ed20e5171,FALSE,FALSE,FALSE,2140782,0,321,NA,NA,NA
https://homestars.com/on/pitt%20meadows/builders,70,"c(""https://homestars.com/on/pitt%20meadows/builders?&page=2&"", ""https://homestars.com/on/pitt%20meadows/builders?&page=3&"", ""https://homestars.com/on/pitt%20meadows/builders?&page=4&"", ""https://homestars.com/on/pitt%20meadows/builders?&page=5&"", ""https://homestars.com/on/pitt%20meadows/builders?&page=6&"", ""https://homestars.com/on/pitt%20meadows/builders?&page=7&"")",Builders,2930849,NA,/companies/2930849-kphqc?searched_category_id=321&service_area=2196635,NA,kphqc,2019-05-09T15:10:06.000-04:00,NA,NA,NA,NA,NA,NA,NA,NA,NA,NA,NA,NA,NA,FALSE,FALSE,NA,NA,FALSE,FALSE,NA,1993023,KPHQC,0,0,0,NA,"Builders, Home Builders, Home Contractors, residential builders, home construction companies, residential building contractor, builder, construction builders, local home builders, custom home builders, master builders, general builders, new home builders, building contractors, custom home builders, luxury home builders, ,",0,2019-05-09T15:11:56.000-04:00,NA,FALSE,0,0,0,0,FALSE,bd8ad4ebf475997cf150a5890f75126c8faade4c,FALSE,FALSE,FALSE,2196635,0,321,NA,NA,NA
https://homestars.com/on/pitt%20meadows/builders,70,"c(""https://homestars.com/on/pitt%20meadows/builders?&page=2&"", ""https://homestars.com/on/pitt%20meadows/builders?&page=3&"", ""https://homestars.com/on/pitt%20meadows/builders?&page=4&"", ""https://homestars.com/on/pitt%20meadows/builders?&page=5&"", ""https://homestars.com/on/pitt%20meadows/builders?&page=6&"", ""https://homestars.com/on/pitt%20meadows/builders?&page=7&"")",Builders,2935718,https://the222.ca/,/companies/2935718-the-222?searched_category_id=321&service_area=2207739,NA,the-222,2019-10-07T14:32:45.000-04:00,NA,NA,NA,NA,NA,NA,NA,NA,NA,NA,NA,NA,NA,FALSE,FALSE,NA,NA,FALSE,FALSE,NA,1997892,The 222,0,0,1,NA,"Builders, Home Builders, Home Contractors, residential builders, home construction companies, residential building contractor, builder, construction builders, local home builders, custom home builders, master builders, general builders, new home builders, building contractors, custom home builders, luxury home builders, ,",0,2019-10-07T14:35:13.000-04:00,NA,FALSE,0,0,2,0,FALSE,a817d3482edb4953a483dc5d5fbb7cff09ba16aa,FALSE,TRUE,FALSE,2207739,0,321,NA,NA,NA
https://homestars.com/on/pitt%20meadows/builders,70,"c(""https://homestars.com/on/pitt%20meadows/builders?&page=2&"", ""https://homestars.com/on/pitt%20meadows/builders?&page=3&"", ""https://homestars.com/on/pitt%20meadows/builders?&page=4&"", ""https://homestars.com/on/pitt%20meadows/builders?&page=5&"", ""https://homestars.com/on/pitt%20meadows/builders?&page=6&"", ""https://homestars.com/on/pitt%20meadows/builders?&page=7&"")",Builders,2815121,NA,/companies/2815121-west-coast-dream-homes?searched_category_id=321&service_area=1891706,NA,west-coast-dream-homes,2013-09-27T14:22:11.000-04:00,NA,NA,NA,NA,NA,NA,NA,NA,NA,NA,NA,NA,NA,FALSE,FALSE,NA,NA,FALSE,FALSE,NA,1878066,West Coast Dream Homes,2,2,0,5,"Builders, Home Builders, Home Contractors, residential builders, home construction companies, residential building contractor, builder, construction builders, local home builders, custom home builders, master builders, general builders, new home builders, building contractors, custom home builders, luxury home builders, ,",0,NA,NA,FALSE,0,0,0,0,FALSE,NA,FALSE,FALSE,FALSE,1891706,32.8776562503,321,NA,NA,2013-09-27T14:23:25.000-04:00
https://homestars.com/on/pitt%20meadows/builders,70,"c(""https://homestars.com/on/pitt%20meadows/builders?&page=2&"", ""https://homestars.com/on/pitt%20meadows/builders?&page=3&"", ""https://homestars.com/on/pitt%20meadows/builders?&page=4&"", ""https://homestars.com/on/pitt%20meadows/builders?&page=5&"", ""https://homestars.com/on/pitt%20meadows/builders?&page=6&"", ""https://homestars.com/on/pitt%20meadows/builders?&page=7&"")",Builders,2708365,NA,/companies/2708365-legend-home-builders-ltd?searched_category_id=321&service_area=1721569,NA,legend-home-builders-ltd,2008-03-04T16:55:15.000-05:00,NA,NA,NA,NA,NA,NA,NA,NA,NA,NA,NA,NA,NA,FALSE,FALSE,NA,NA,FALSE,FALSE,NA,1771417,Legend Home Builders Ltd,1,1,0,10,"Builders, Home Builders, Home Contractors, residential builders, home construction companies, residential building contractor, builder, construction builders, local home builders, custom home builders, master builders, general builders, new home builders, building contractors, custom home builders, luxury home builders, ,",0,NA,NA,FALSE,0,0,0,NA,FALSE,NA,FALSE,FALSE,FALSE,1721569,38.1593406593,321,NA,NA,2012-07-26T19:56:04.000-04:00
https://homestars.com/on/pitt%20meadows/builders,70,"c(""https://homestars.com/on/pitt%20meadows/builders?&page=2&"", ""https://homestars.com/on/pitt%20meadows/builders?&page=3&"", ""https://homestars.com/on/pitt%20meadows/builders?&page=4&"", ""https://homestars.com/on/pitt%20meadows/builders?&page=5&"", ""https://homestars.com/on/pitt%20meadows/builders?&page=6&"", ""https://homestars.com/on/pitt%20meadows/builders?&page=7&"")",Builders,225981,NA,/companies/225981-summit-ridge-homes-ltd?searched_category_id=321&service_area=1823676,NA,summit-ridge-homes-ltd,2006-09-21T20:00:00.000-04:00,NA,NA,NA,NA,NA,NA,NA,0,0,NA,NA,NA,NA,FALSE,FALSE,NA,NA,FALSE,FALSE,NA,76936,Summit Ridge Homes Ltd,1,1,0,8,"Builders, Home Builders, Home Contractors, residential builders, home construction companies, residential building contractor, builder, construction builders, local home builders, custom home builders, master builders, general builders, new home builders, building contractors, custom home builders, luxury home builders, ,",0,NA,NA,FALSE,0,0,0,NA,FALSE,NA,FALSE,FALSE,FALSE,1823676,25.7412423328,321,NA,NA,2006-10-13T20:00:00.000-04:00
https://homestars.com/on/pitt%20meadows/builders,70,"c(""https://homestars.com/on/pitt%20meadows/builders?&page=2&"", ""https://homestars.com/on/pitt%20meadows/builders?&page=3&"", ""https://homestars.com/on/pitt%20meadows/builders?&page=4&"", ""https://homestars.com/on/pitt%20meadows/builders?&page=5&"", ""https://homestars.com/on/pitt%20meadows/builders?&page=6&"", ""https://homestars.com/on/pitt%20meadows/builders?&page=7&"")",Builders,202481,NA,/companies/202481-crowchild-industries-ltd?searched_category_id=321&service_area=1819804,NA,crowchild-industries-ltd,2006-09-21T20:00:00.000-04:00,NA,NA,NA,NA,NA,NA,NA,0,0,NA,NA,NA,NA,FALSE,FALSE,NA,NA,FALSE,FALSE,NA,58144,Crowchild Industries Ltd,0,0,0,NA,"Builders, Home Builders, Home Contractors, residential builders, home construction companies, residential building contractor, builder, construction builders, local home builders, custom home builders, master builders, general builders, new home builders, building contractors, custom home builders, luxury home builders, ,",0,NA,NA,FALSE,0,0,0,NA,FALSE,NA,FALSE,FALSE,FALSE,1819804,0,321,NA,NA,NA
https://homestars.com/on/pitt%20meadows/builders,70,"c(""https://homestars.com/on/pitt%20meadows/builders?&page=2&"", ""https://homestars.com/on/pitt%20meadows/builders?&page=3&"", ""https://homestars.com/on/pitt%20meadows/builders?&page=4&"", ""https://homestars.com/on/pitt%20meadows/builders?&page=5&"", ""https://homestars.com/on/pitt%20meadows/builders?&page=6&"", ""https://homestars.com/on/pitt%20meadows/builders?&page=7&"")",Builders,2564798,NA,/companies/2564798-enviro-constructors?searched_category_id=321&service_area=1578002,NA,enviro-constructors,2008-03-04T16:55:15.000-05:00,NA,NA,NA,NA,NA,NA,NA,NA,NA,NA,NA,NA,NA,FALSE,FALSE,NA,NA,FALSE,FALSE,NA,1627850,Enviro Constructors,0,0,0,NA,"Builders, Home Builders, Home Contractors, residential builders, home construction companies, residential building contractor, builder, construction builders, local home builders, custom home builders, master builders, general builders, new home builders, building contractors, custom home builders, luxury home builders, ,",0,NA,NA,FALSE,0,0,0,NA,FALSE,NA,FALSE,FALSE,FALSE,1578002,0,321,NA,NA,NA
https://homestars.com/on/pitt%20meadows/builders,70,"c(""https://homestars.com/on/pitt%20meadows/builders?&page=2&"", ""https://homestars.com/on/pitt%20meadows/builders?&page=3&"", ""https://homestars.com/on/pitt%20meadows/builders?&page=4&"", ""https://homestars.com/on/pitt%20meadows/builders?&page=5&"", ""https://homestars.com/on/pitt%20meadows/builders?&page=6&"", ""https://homestars.com/on/pitt%20meadows/builders?&page=7&"")",Builders,2724679,NA,/companies/2724679-crowchild-industries-ltd?searched_category_id=321&service_area=1737883,NA,crowchild-industries-ltd,2008-03-04T16:55:15.000-05:00,NA,NA,NA,NA,NA,NA,NA,NA,NA,NA,NA,NA,NA,FALSE,FALSE,NA,NA,FALSE,FALSE,NA,1787731,Crowchild Industries Ltd,0,0,0,NA,"Builders, Home Builders, Home Contractors, residential builders, home construction companies, residential building contractor, builder, construction builders, local home builders, custom home builders, master builders, general builders, new home builders, building contractors, custom home builders, luxury home builders, ,",0,NA,NA,FALSE,0,0,0,NA,FALSE,NA,FALSE,FALSE,FALSE,1737883,0,321,NA,NA,NA
https://homestars.com/on/pitt%20meadows/builders,70,"c(""https://homestars.com/on/pitt%20meadows/builders?&page=2&"", ""https://homestars.com/on/pitt%20meadows/builders?&page=3&"", ""https://homestars.com/on/pitt%20meadows/builders?&page=4&"", ""https://homestars.com/on/pitt%20meadows/builders?&page=5&"", ""https://homestars.com/on/pitt%20meadows/builders?&page=6&"", ""https://homestars.com/on/pitt%20meadows/builders?&page=7&"")",Builders,2741756,NA,/companies/2741756-r-a-b-properties-ltdsurrey?searched_category_id=321&service_area=1754960,NA,r-a-b-properties-ltdsurrey,2008-03-04T16:55:15.000-05:00,NA,NA,NA,NA,NA,NA,NA,NA,NA,NA,NA,NA,NA,FALSE,FALSE,NA,NA,FALSE,FALSE,NA,1804808,R A B Properties LtdSurrey,0,0,0,NA,"Builders, Home Builders, Home Contractors, residential builders, home construction companies, residential building contractor, builder, construction builders, local home builders, custom home builders, master builders, general builders, new home builders, building contractors, custom home builders, luxury home builders, ,",0,NA,NA,FALSE,0,0,0,NA,FALSE,NA,FALSE,FALSE,FALSE,1754960,0,321,NA,NA,NA
https://homestars.com/on/pitt%20meadows/builders,70,"c(""https://homestars.com/on/pitt%20meadows/builders?&page=2&"", ""https://homestars.com/on/pitt%20meadows/builders?&page=3&"", ""https://homestars.com/on/pitt%20meadows/builders?&page=4&"", ""https://homestars.com/on/pitt%20meadows/builders?&page=5&"", ""https://homestars.com/on/pitt%20meadows/builders?&page=6&"", ""https://homestars.com/on/pitt%20meadows/builders?&page=7&"")",Builders,2732419,NA,/companies/2732419-gilco-construction?searched_category_id=321&service_area=1745623,NA,gilco-construction,2008-03-04T16:55:15.000-05:00,NA,NA,NA,NA,NA,NA,NA,NA,NA,NA,NA,NA,NA,FALSE,FALSE,NA,NA,FALSE,FALSE,NA,1795471,Gilco Construction,0,0,0,NA,"Builders, Home Builders, Home Contractors, residential builders, home construction companies, residential building contractor, builder, construction builders, local home builders, custom home builders, master builders, general builders, new home builders, building contractors, custom home builders, luxury home builders, ,",0,NA,NA,FALSE,0,0,0,NA,FALSE,NA,FALSE,FALSE,FALSE,1745623,0,321,NA,NA,NA
https://homestars.com/on/pitt%20meadows/builders,70,"c(""https://homestars.com/on/pitt%20meadows/builders?&page=2&"", ""https://homestars.com/on/pitt%20meadows/builders?&page=3&"", ""https://homestars.com/on/pitt%20meadows/builders?&page=4&"", ""https://homestars.com/on/pitt%20meadows/builders?&page=5&"", ""https://homestars.com/on/pitt%20meadows/builders?&page=6&"", ""https://homestars.com/on/pitt%20meadows/builders?&page=7&"")",Builders,2751515,NA,/companies/2751515-mckillican-canadian-inc?searched_category_id=321&service_area=1764719,NA,mckillican-canadian-inc,2008-03-04T16:55:15.000-05:00,NA,NA,NA,NA,NA,NA,NA,NA,NA,NA,NA,NA,NA,FALSE,FALSE,NA,NA,FALSE,FALSE,NA,1814567,McKillican Canadian Inc,0,0,0,NA,"Builders, Home Builders, Home Contractors, residential builders, home construction companies, residential building contractor, builder, construction builders, local home builders, custom home builders, master builders, general builders, new home builders, building contractors, custom home builders, luxury home builders, ,",0,NA,NA,FALSE,0,0,0,NA,FALSE,NA,FALSE,FALSE,FALSE,1764719,0,321,NA,NA,NA
https://homestars.com/on/pitt%20meadows/builders,70,"c(""https://homestars.com/on/pitt%20meadows/builders?&page=2&"", ""https://homestars.com/on/pitt%20meadows/builders?&page=3&"", ""https://homestars.com/on/pitt%20meadows/builders?&page=4&"", ""https://homestars.com/on/pitt%20meadows/builders?&page=5&"", ""https://homestars.com/on/pitt%20meadows/builders?&page=6&"", ""https://homestars.com/on/pitt%20meadows/builders?&page=7&"")",Builders,2751564,NA,/companies/2751564-mitsui-home-canada-inc?searched_category_id=321&service_area=1764768,NA,mitsui-home-canada-inc,2008-03-04T16:55:15.000-05:00,NA,NA,NA,NA,NA,NA,NA,NA,NA,NA,NA,NA,NA,FALSE,FALSE,NA,NA,FALSE,FALSE,NA,1814616,Mitsui Home Canada Inc,0,0,0,NA,"Builders, Home Builders, Home Contractors, residential builders, home construction companies, residential building contractor, builder, construction builders, local home builders, custom home builders, master builders, general builders, new home builders, building contractors, custom home builders, luxury home builders, ,",0,NA,NA,FALSE,0,0,0,NA,FALSE,NA,FALSE,FALSE,FALSE,1764768,0,321,NA,NA,NA
https://homestars.com/on/pitt%20meadows/builders,70,"c(""https://homestars.com/on/pitt%20meadows/builders?&page=2&"", ""https://homestars.com/on/pitt%20meadows/builders?&page=3&"", ""https://homestars.com/on/pitt%20meadows/builders?&page=4&"", ""https://homestars.com/on/pitt%20meadows/builders?&page=5&"", ""https://homestars.com/on/pitt%20meadows/builders?&page=6&"", ""https://homestars.com/on/pitt%20meadows/builders?&page=7&"")",Builders,2751405,NA,/companies/2751405-mckillican-canadian-inc?searched_category_id=321&service_area=1764609,NA,mckillican-canadian-inc,2008-03-04T16:55:15.000-05:00,NA,NA,NA,NA,NA,NA,NA,NA,NA,NA,NA,NA,NA,FALSE,FALSE,NA,NA,FALSE,FALSE,NA,1814457,McKillican Canadian Inc,0,0,0,NA,"Builders, Home Builders, Home Contractors, residential builders, home construction companies, residential building contractor, builder, construction builders, local home builders, custom home builders, master builders, general builders, new home builders, building contractors, custom home builders, luxury home builders, ,",0,NA,NA,FALSE,0,0,0,NA,FALSE,NA,FALSE,FALSE,FALSE,1764609,0,321,NA,NA,NA
https://homestars.com/on/pitt%20meadows/builders,70,"c(""https://homestars.com/on/pitt%20meadows/builders?&page=2&"", ""https://homestars.com/on/pitt%20meadows/builders?&page=3&"", ""https://homestars.com/on/pitt%20meadows/builders?&page=4&"", ""https://homestars.com/on/pitt%20meadows/builders?&page=5&"", ""https://homestars.com/on/pitt%20meadows/builders?&page=6&"", ""https://homestars.com/on/pitt%20meadows/builders?&page=7&"")",Builders,2751312,NA,/companies/2751312-japan-canadian-log-ark-ltd?searched_category_id=321&service_area=1764516,NA,japan-canadian-log-ark-ltd,2008-03-04T16:55:15.000-05:00,NA,NA,NA,NA,NA,NA,NA,NA,NA,NA,NA,NA,NA,FALSE,FALSE,NA,NA,FALSE,FALSE,NA,1814364,Japan-Canadian Log Ark Ltd,0,0,0,NA,"Builders, Home Builders, Home Contractors, residential builders, home construction companies, residential building contractor, builder, construction builders, local home builders, custom home builders, master builders, general builders, new home builders, building contractors, custom home builders, luxury home builders, ,",0,NA,NA,FALSE,0,0,0,NA,FALSE,NA,FALSE,FALSE,FALSE,1764516,0,321,NA,NA,NA
https://homestars.com/on/pitt%20meadows/builders,70,"c(""https://homestars.com/on/pitt%20meadows/builders?&page=2&"", ""https://homestars.com/on/pitt%20meadows/builders?&page=3&"", ""https://homestars.com/on/pitt%20meadows/builders?&page=4&"", ""https://homestars.com/on/pitt%20meadows/builders?&page=5&"", ""https://homestars.com/on/pitt%20meadows/builders?&page=6&"", ""https://homestars.com/on/pitt%20meadows/builders?&page=7&"")",Builders,211783,NA,/companies/211783-japan-canadian-log-ark-ltd?searched_category_id=321&service_area=1821268,NA,japan-canadian-log-ark-ltd,2006-09-21T20:00:00.000-04:00,NA,NA,NA,NA,NA,NA,NA,0,0,NA,NA,NA,NA,FALSE,FALSE,NA,NA,FALSE,FALSE,NA,65739,Japan-Canadian Log Ark Ltd,0,0,0,NA,"Builders, Home Builders, Home Contractors, residential builders, home construction companies, residential building contractor, builder, construction builders, local home builders, custom home builders, master builders, general builders, new home builders, building contractors, custom home builders, luxury home builders, ,",0,NA,NA,FALSE,0,0,0,NA,FALSE,NA,FALSE,FALSE,FALSE,1821268,0,321,NA,NA,NA
https://homestars.com/on/pitt%20meadows/builders,70,"c(""https://homestars.com/on/pitt%20meadows/builders?&page=2&"", ""https://homestars.com/on/pitt%20meadows/builders?&page=3&"", ""https://homestars.com/on/pitt%20meadows/builders?&page=4&"", ""https://homestars.com/on/pitt%20meadows/builders?&page=5&"", ""https://homestars.com/on/pitt%20meadows/builders?&page=6&"", ""https://homestars.com/on/pitt%20meadows/builders?&page=7&"")",Builders,227982,NA,/companies/227982-tritec-builders-ltd?searched_category_id=321&service_area=1824011,NA,tritec-builders-ltd,2006-09-21T20:00:00.000-04:00,NA,NA,NA,NA,NA,NA,NA,0,0,NA,NA,NA,NA,FALSE,FALSE,NA,NA,FALSE,FALSE,NA,78609,Tritec Builders Ltd,0,0,0,NA,"Builders, Home Builders, Home Contractors, residential builders, home construction companies, residential building contractor, builder, construction builders, local home builders, custom home builders, master builders, general builders, new home builders, building contractors, custom home builders, luxury home builders, ,",0,NA,NA,FALSE,0,0,0,NA,FALSE,NA,FALSE,FALSE,FALSE,1824011,0,321,NA,NA,NA
https://homestars.com/on/pitt%20meadows/builders,70,"c(""https://homestars.com/on/pitt%20meadows/builders?&page=2&"", ""https://homestars.com/on/pitt%20meadows/builders?&page=3&"", ""https://homestars.com/on/pitt%20meadows/builders?&page=4&"", ""https://homestars.com/on/pitt%20meadows/builders?&page=5&"", ""https://homestars.com/on/pitt%20meadows/builders?&page=6&"", ""https://homestars.com/on/pitt%20meadows/builders?&page=7&"")",Builders,229301,NA,/companies/229301-wallmark-homes-ltd?searched_category_id=321&service_area=1824240,NA,wallmark-homes-ltd,2006-09-21T20:00:00.000-04:00,NA,NA,NA,NA,NA,NA,NA,0,0,NA,NA,NA,NA,FALSE,FALSE,NA,NA,FALSE,FALSE,NA,79718,Wallmark Homes Ltd,0,0,0,NA,"Builders, Home Builders, Home Contractors, residential builders, home construction companies, residential building contractor, builder, construction builders, local home builders, custom home builders, master builders, general builders, new home builders, building contractors, custom home builders, luxury home builders, ,",0,NA,NA,FALSE,0,0,0,NA,FALSE,NA,FALSE,FALSE,FALSE,1824240,0,321,NA,NA,NA
https://homestars.com/on/pitt%20meadows/builders,70,"c(""https://homestars.com/on/pitt%20meadows/builders?&page=2&"", ""https://homestars.com/on/pitt%20meadows/builders?&page=3&"", ""https://homestars.com/on/pitt%20meadows/builders?&page=4&"", ""https://homestars.com/on/pitt%20meadows/builders?&page=5&"", ""https://homestars.com/on/pitt%20meadows/builders?&page=6&"", ""https://homestars.com/on/pitt%20meadows/builders?&page=7&"")",Builders,2863790,NA,/companies/2863790-iron-mountain-construction?searched_category_id=321&service_area=2005888,NA,iron-mountain-construction,2014-12-16T18:35:34.000-05:00,NA,NA,NA,NA,NA,NA,NA,NA,NA,NA,NA,NA,NA,FALSE,FALSE,NA,NA,FALSE,FALSE,NA,1926216,Iron Mountain Construction,1,0,0,NA,"Builders, Home Builders, Home Contractors, residential builders, home construction companies, residential building contractor, builder, construction builders, local home builders, custom home builders, master builders, general builders, new home builders, building contractors, custom home builders, luxury home builders, ,",0,NA,NA,FALSE,0,0,0,0,FALSE,NA,FALSE,FALSE,FALSE,2005888,0,321,NA,NA,NA
https://homestars.com/on/pitt%20meadows/builders,70,"c(""https://homestars.com/on/pitt%20meadows/builders?&page=2&"", ""https://homestars.com/on/pitt%20meadows/builders?&page=3&"", ""https://homestars.com/on/pitt%20meadows/builders?&page=4&"", ""https://homestars.com/on/pitt%20meadows/builders?&page=5&"", ""https://homestars.com/on/pitt%20meadows/builders?&page=6&"", ""https://homestars.com/on/pitt%20meadows/builders?&page=7&"")",Builders,2740064,NA,/companies/2740064-oakvale-developments-ltd?searched_category_id=321&service_area=1753268,NA,oakvale-developments-ltd,2008-03-04T16:55:15.000-05:00,NA,NA,NA,NA,NA,NA,NA,NA,NA,NA,NA,NA,NA,FALSE,FALSE,NA,NA,FALSE,FALSE,NA,1803116,Oakvale Developments Ltd,0,0,0,NA,"Builders, Home Builders, Home Contractors, residential builders, home construction companies, residential building contractor, builder, construction builders, local home builders, custom home builders, master builders, general builders, new home builders, building contractors, custom home builders, luxury home builders, ,",0,NA,NA,FALSE,0,0,0,NA,FALSE,NA,FALSE,FALSE,FALSE,1753268,0,321,NA,NA,NA
https://homestars.com/on/pitt%20meadows/builders,70,"c(""https://homestars.com/on/pitt%20meadows/builders?&page=2&"", ""https://homestars.com/on/pitt%20meadows/builders?&page=3&"", ""https://homestars.com/on/pitt%20meadows/builders?&page=4&"", ""https://homestars.com/on/pitt%20meadows/builders?&page=5&"", ""https://homestars.com/on/pitt%20meadows/builders?&page=6&"", ""https://homestars.com/on/pitt%20meadows/builders?&page=7&"")",Builders,2745500,NA,/companies/2745500-vesta-properties-ltd?searched_category_id=321&service_area=1758704,NA,vesta-properties-ltd,2008-03-04T16:55:15.000-05:00,NA,NA,NA,NA,NA,NA,NA,NA,NA,NA,NA,NA,NA,FALSE,FALSE,NA,NA,FALSE,FALSE,NA,1808552,Vesta Properties Ltd,0,0,0,NA,"Builders, Home Builders, Home Contractors, residential builders, home construction companies, residential building contractor, builder, construction builders, local home builders, custom home builders, master builders, general builders, new home builders, building contractors, custom home builders, luxury home builders, ,",0,NA,NA,FALSE,0,0,0,NA,FALSE,NA,FALSE,FALSE,FALSE,1758704,0,321,NA,NA,NA
https://homestars.com/on/pitt%20meadows/builders,70,"c(""https://homestars.com/on/pitt%20meadows/builders?&page=2&"", ""https://homestars.com/on/pitt%20meadows/builders?&page=3&"", ""https://homestars.com/on/pitt%20meadows/builders?&page=4&"", ""https://homestars.com/on/pitt%20meadows/builders?&page=5&"", ""https://homestars.com/on/pitt%20meadows/builders?&page=6&"", ""https://homestars.com/on/pitt%20meadows/builders?&page=7&"")",Builders,2751289,NA,/companies/2751289-liberty-properties?searched_category_id=321&service_area=1764493,NA,liberty-properties,2008-03-04T16:55:15.000-05:00,NA,NA,NA,NA,NA,NA,NA,NA,NA,NA,NA,NA,NA,FALSE,FALSE,NA,NA,FALSE,FALSE,NA,1814341,Liberty Properties,0,0,0,NA,"Builders, Home Builders, Home Contractors, residential builders, home construction companies, residential building contractor, builder, construction builders, local home builders, custom home builders, master builders, general builders, new home builders, building contractors, custom home builders, luxury home builders, ,",0,NA,NA,FALSE,0,0,0,NA,FALSE,NA,FALSE,FALSE,FALSE,1764493,0,321,NA,NA,NA
https://homestars.com/on/pitt%20meadows/builders,70,"c(""https://homestars.com/on/pitt%20meadows/builders?&page=2&"", ""https://homestars.com/on/pitt%20meadows/builders?&page=3&"", ""https://homestars.com/on/pitt%20meadows/builders?&page=4&"", ""https://homestars.com/on/pitt%20meadows/builders?&page=5&"", ""https://homestars.com/on/pitt%20meadows/builders?&page=6&"", ""https://homestars.com/on/pitt%20meadows/builders?&page=7&"")",Builders,2708367,NA,/companies/2708367-liberty-homes-ltd?searched_category_id=321&service_area=1721571,NA,liberty-homes-ltd,2008-03-04T16:55:15.000-05:00,NA,NA,NA,NA,NA,NA,NA,NA,NA,NA,NA,NA,NA,FALSE,FALSE,NA,NA,FALSE,FALSE,NA,1771419,Liberty Homes Ltd,0,0,0,NA,"Builders, Home Builders, Home Contractors, residential builders, home construction companies, residential building contractor, builder, construction builders, local home builders, custom home builders, master builders, general builders, new home builders, building contractors, custom home builders, luxury home builders, ,",0,NA,NA,FALSE,0,0,0,NA,FALSE,NA,FALSE,FALSE,FALSE,1721571,0,321,NA,NA,NA
https://homestars.com/on/pitt%20meadows/builders,70,"c(""https://homestars.com/on/pitt%20meadows/builders?&page=2&"", ""https://homestars.com/on/pitt%20meadows/builders?&page=3&"", ""https://homestars.com/on/pitt%20meadows/builders?&page=4&"", ""https://homestars.com/on/pitt%20meadows/builders?&page=5&"", ""https://homestars.com/on/pitt%20meadows/builders?&page=6&"", ""https://homestars.com/on/pitt%20meadows/builders?&page=7&"")",Builders,197854,NA,/companies/197854-bjw-construction-ltd?searched_category_id=321&service_area=1819042,NA,bjw-construction-ltd,2006-09-21T20:00:00.000-04:00,NA,NA,NA,NA,NA,NA,NA,0,0,NA,NA,NA,NA,FALSE,FALSE,NA,NA,FALSE,FALSE,NA,54490,BJW Construction Ltd,0,0,0,NA,"Builders, Home Builders, Home Contractors, residential builders, home construction companies, residential building contractor, builder, construction builders, local home builders, custom home builders, master builders, general builders, new home builders, building contractors, custom home builders, luxury home builders, ,",0,NA,NA,FALSE,0,0,0,NA,FALSE,NA,FALSE,FALSE,FALSE,1819042,0,321,NA,NA,NA
https://homestars.com/on/pitt%20meadows/builders,70,"c(""https://homestars.com/on/pitt%20meadows/builders?&page=2&"", ""https://homestars.com/on/pitt%20meadows/builders?&page=3&"", ""https://homestars.com/on/pitt%20meadows/builders?&page=4&"", ""https://homestars.com/on/pitt%20meadows/builders?&page=5&"", ""https://homestars.com/on/pitt%20meadows/builders?&page=6&"", ""https://homestars.com/on/pitt%20meadows/builders?&page=7&"")",Builders,198652,NA,/companies/198652-britco-structures?searched_category_id=321&service_area=1819153,NA,britco-structures,2006-09-21T20:00:00.000-04:00,NA,NA,NA,NA,NA,NA,NA,0,0,NA,NA,NA,NA,FALSE,FALSE,NA,NA,FALSE,FALSE,NA,55121,Britco Structures,0,0,0,NA,"Builders, Home Builders, Home Contractors, residential builders, home construction companies, residential building contractor, builder, construction builders, local home builders, custom home builders, master builders, general builders, new home builders, building contractors, custom home builders, luxury home builders, ,",0,NA,NA,FALSE,0,0,0,NA,FALSE,NA,FALSE,FALSE,FALSE,1819153,0,321,NA,NA,NA
https://homestars.com/on/pitt%20meadows/builders,70,"c(""https://homestars.com/on/pitt%20meadows/builders?&page=2&"", ""https://homestars.com/on/pitt%20meadows/builders?&page=3&"", ""https://homestars.com/on/pitt%20meadows/builders?&page=4&"", ""https://homestars.com/on/pitt%20meadows/builders?&page=5&"", ""https://homestars.com/on/pitt%20meadows/builders?&page=6&"", ""https://homestars.com/on/pitt%20meadows/builders?&page=7&"")",Builders,2748066,NA,/companies/2748066-humphrey-buildings-inc?searched_category_id=321&service_area=1761270,NA,humphrey-buildings-inc,2008-03-04T16:55:15.000-05:00,NA,NA,NA,NA,NA,NA,NA,NA,NA,NA,NA,NA,NA,FALSE,FALSE,NA,NA,FALSE,FALSE,NA,1811118,Humphrey Buildings Inc,0,0,0,NA,"Builders, Home Builders, Home Contractors, residential builders, home construction companies, residential building contractor, builder, construction builders, local home builders, custom home builders, master builders, general builders, new home builders, building contractors, custom home builders, luxury home builders, ,",0,NA,NA,FALSE,0,0,0,NA,FALSE,NA,FALSE,FALSE,FALSE,1761270,0,321,NA,NA,NA
https://homestars.com/on/pitt%20meadows/builders,70,"c(""https://homestars.com/on/pitt%20meadows/builders?&page=2&"", ""https://homestars.com/on/pitt%20meadows/builders?&page=3&"", ""https://homestars.com/on/pitt%20meadows/builders?&page=4&"", ""https://homestars.com/on/pitt%20meadows/builders?&page=5&"", ""https://homestars.com/on/pitt%20meadows/builders?&page=6&"", ""https://homestars.com/on/pitt%20meadows/builders?&page=7&"")",Builders,2735119,NA,/companies/2735119-highlight-pacific-construction-ltd?searched_category_id=321&service_area=1748323,NA,highlight-pacific-construction-ltd,2008-03-04T16:55:15.000-05:00,NA,NA,NA,NA,NA,NA,NA,NA,NA,NA,NA,NA,NA,FALSE,FALSE,NA,NA,FALSE,FALSE,NA,1798171,Highlight Pacific Construction Ltd,0,0,0,NA,"Builders, Home Builders, Home Contractors, residential builders, home construction companies, residential building contractor, builder, construction builders, local home builders, custom home builders, master builders, general builders, new home builders, building contractors, custom home builders, luxury home builders, ,",0,NA,NA,FALSE,0,0,0,NA,FALSE,NA,FALSE,FALSE,FALSE,1748323,0,321,NA,NA,NA
https://homestars.com/on/pitt%20meadows/builders,70,"c(""https://homestars.com/on/pitt%20meadows/builders?&page=2&"", ""https://homestars.com/on/pitt%20meadows/builders?&page=3&"", ""https://homestars.com/on/pitt%20meadows/builders?&page=4&"", ""https://homestars.com/on/pitt%20meadows/builders?&page=5&"", ""https://homestars.com/on/pitt%20meadows/builders?&page=6&"", ""https://homestars.com/on/pitt%20meadows/builders?&page=7&"")",Builders,2735124,NA,/companies/2735124-highpoint-construction-ltd?searched_category_id=321&service_area=1748328,NA,highpoint-construction-ltd,2008-03-04T16:55:15.000-05:00,NA,NA,NA,NA,NA,NA,NA,NA,NA,NA,NA,NA,NA,FALSE,FALSE,NA,NA,FALSE,FALSE,NA,1798176,Highpoint Construction Ltd,0,0,0,NA,"Builders, Home Builders, Home Contractors, residential builders, home construction companies, residential building contractor, builder, construction builders, local home builders, custom home builders, master builders, general builders, new home builders, building contractors, custom home builders, luxury home builders, ,",0,NA,NA,FALSE,0,0,0,NA,FALSE,NA,FALSE,FALSE,FALSE,1748328,0,321,NA,NA,NA
https://homestars.com/on/pitt%20meadows/builders,70,"c(""https://homestars.com/on/pitt%20meadows/builders?&page=2&"", ""https://homestars.com/on/pitt%20meadows/builders?&page=3&"", ""https://homestars.com/on/pitt%20meadows/builders?&page=4&"", ""https://homestars.com/on/pitt%20meadows/builders?&page=5&"", ""https://homestars.com/on/pitt%20meadows/builders?&page=6&"", ""https://homestars.com/on/pitt%20meadows/builders?&page=7&"")",Builders,2748000,NA,/companies/2748000-humphrey-buildings-inc?searched_category_id=321&service_area=1761204,NA,humphrey-buildings-inc,2008-03-04T16:55:15.000-05:00,NA,NA,NA,NA,NA,NA,NA,NA,NA,NA,NA,NA,NA,FALSE,FALSE,NA,NA,FALSE,FALSE,NA,1811052,Humphrey Buildings Inc,0,0,0,NA,"Builders, Home Builders, Home Contractors, residential builders, home construction companies, residential building contractor, builder, construction builders, local home builders, custom home builders, master builders, general builders, new home builders, building contractors, custom home builders, luxury home builders, ,",0,NA,NA,FALSE,0,0,0,NA,FALSE,NA,FALSE,FALSE,FALSE,1761204,0,321,NA,NA,NA
https://homestars.com/on/pitt%20meadows/builders,70,"c(""https://homestars.com/on/pitt%20meadows/builders?&page=2&"", ""https://homestars.com/on/pitt%20meadows/builders?&page=3&"", ""https://homestars.com/on/pitt%20meadows/builders?&page=4&"", ""https://homestars.com/on/pitt%20meadows/builders?&page=5&"", ""https://homestars.com/on/pitt%20meadows/builders?&page=6&"", ""https://homestars.com/on/pitt%20meadows/builders?&page=7&"")",Builders,2751971,NA,/companies/2751971-stave-river-trading-ltd?searched_category_id=321&service_area=1765175,NA,stave-river-trading-ltd,2008-03-04T16:55:15.000-05:00,NA,NA,NA,NA,NA,NA,NA,NA,NA,NA,NA,NA,NA,FALSE,FALSE,NA,NA,FALSE,FALSE,NA,1815023,Stave River Trading Ltd,0,0,0,NA,"Builders, Home Builders, Home Contractors, residential builders, home construction companies, residential building contractor, builder, construction builders, local home builders, custom home builders, master builders, general builders, new home builders, building contractors, custom home builders, luxury home builders, ,",0,NA,NA,FALSE,0,0,0,NA,FALSE,NA,FALSE,FALSE,FALSE,1765175,0,321,NA,NA,NA
https://homestars.com/on/pitt%20meadows/builders,70,"c(""https://homestars.com/on/pitt%20meadows/builders?&page=2&"", ""https://homestars.com/on/pitt%20meadows/builders?&page=3&"", ""https://homestars.com/on/pitt%20meadows/builders?&page=4&"", ""https://homestars.com/on/pitt%20meadows/builders?&page=5&"", ""https://homestars.com/on/pitt%20meadows/builders?&page=6&"", ""https://homestars.com/on/pitt%20meadows/builders?&page=7&"")",Builders,2752119,NA,/companies/2752119-valley-log-trading-ltd?searched_category_id=321&service_area=1765323,NA,valley-log-trading-ltd,2008-03-04T16:55:15.000-05:00,NA,NA,NA,NA,NA,NA,NA,NA,NA,NA,NA,NA,NA,FALSE,FALSE,NA,NA,FALSE,FALSE,NA,1815171,Valley Log Trading Ltd,0,0,0,NA,"Builders, Home Builders, Home Contractors, residential builders, home construction companies, residential building contractor, builder, construction builders, local home builders, custom home builders, master builders, general builders, new home builders, building contractors, custom home builders, luxury home builders, ,",0,NA,NA,FALSE,0,0,0,NA,FALSE,NA,FALSE,FALSE,FALSE,1765323,0,321,NA,NA,NA
https://homestars.com/on/pitt%20meadows/builders,70,"c(""https://homestars.com/on/pitt%20meadows/builders?&page=2&"", ""https://homestars.com/on/pitt%20meadows/builders?&page=3&"", ""https://homestars.com/on/pitt%20meadows/builders?&page=4&"", ""https://homestars.com/on/pitt%20meadows/builders?&page=5&"", ""https://homestars.com/on/pitt%20meadows/builders?&page=6&"", ""https://homestars.com/on/pitt%20meadows/builders?&page=7&"")",Builders,2751647,NA,/companies/2751647-norseman-inc?searched_category_id=321&service_area=1764851,NA,norseman-inc,2008-03-04T16:55:15.000-05:00,NA,NA,NA,NA,NA,NA,NA,NA,NA,NA,NA,NA,NA,FALSE,FALSE,NA,NA,FALSE,FALSE,NA,1814699,Norseman Inc,0,0,0,NA,"Builders, Home Builders, Home Contractors, residential builders, home construction companies, residential building contractor, builder, construction builders, local home builders, custom home builders, master builders, general builders, new home builders, building contractors, custom home builders, luxury home builders, ,",0,NA,NA,FALSE,0,0,0,NA,FALSE,NA,FALSE,FALSE,FALSE,1764851,0,321,NA,NA,NA
https://homestars.com/on/pitt%20meadows/builders,70,"c(""https://homestars.com/on/pitt%20meadows/builders?&page=2&"", ""https://homestars.com/on/pitt%20meadows/builders?&page=3&"", ""https://homestars.com/on/pitt%20meadows/builders?&page=4&"", ""https://homestars.com/on/pitt%20meadows/builders?&page=5&"", ""https://homestars.com/on/pitt%20meadows/builders?&page=6&"", ""https://homestars.com/on/pitt%20meadows/builders?&page=7&"")",Builders,2751765,NA,/companies/2751765-prairie-999-electronics?searched_category_id=321&service_area=1764969,NA,prairie-999-electronics,2008-03-04T16:55:15.000-05:00,NA,NA,NA,NA,NA,NA,NA,NA,NA,NA,NA,NA,NA,FALSE,FALSE,NA,NA,FALSE,FALSE,NA,1814817,Prairie 999 Electronics,0,0,0,NA,"Builders, Home Builders, Home Contractors, residential builders, home construction companies, residential building contractor, builder, construction builders, local home builders, custom home builders, master builders, general builders, new home builders, building contractors, custom home builders, luxury home builders, ,",0,NA,NA,FALSE,0,0,0,NA,FALSE,NA,FALSE,FALSE,FALSE,1764969,0,321,NA,NA,NA
https://homestars.com/on/pitt%20meadows/builders,70,"c(""https://homestars.com/on/pitt%20meadows/builders?&page=2&"", ""https://homestars.com/on/pitt%20meadows/builders?&page=3&"", ""https://homestars.com/on/pitt%20meadows/builders?&page=4&"", ""https://homestars.com/on/pitt%20meadows/builders?&page=5&"", ""https://homestars.com/on/pitt%20meadows/builders?&page=6&"", ""https://homestars.com/on/pitt%20meadows/builders?&page=7&"")",Builders,2564796,NA,/companies/2564796-ferro-building-systems?searched_category_id=321&service_area=1578000,NA,ferro-building-systems,2008-03-04T16:55:15.000-05:00,NA,NA,NA,NA,NA,NA,NA,NA,NA,NA,NA,NA,NA,FALSE,FALSE,NA,NA,FALSE,FALSE,NA,1627848,Ferro Building Systems,0,0,0,NA,"Builders, Home Builders, Home Contractors, residential builders, home construction companies, residential building contractor, builder, construction builders, local home builders, custom home builders, master builders, general builders, new home builders, building contractors, custom home builders, luxury home builders, ,",0,NA,NA,FALSE,0,0,0,NA,FALSE,NA,FALSE,FALSE,FALSE,1578000,0,321,NA,NA,NA
https://homestars.com/on/pitt%20meadows/builders,70,"c(""https://homestars.com/on/pitt%20meadows/builders?&page=2&"", ""https://homestars.com/on/pitt%20meadows/builders?&page=3&"", ""https://homestars.com/on/pitt%20meadows/builders?&page=4&"", ""https://homestars.com/on/pitt%20meadows/builders?&page=5&"", ""https://homestars.com/on/pitt%20meadows/builders?&page=6&"", ""https://homestars.com/on/pitt%20meadows/builders?&page=7&"")",Builders,2661132,NA,/companies/2661132-concordia-homes-ltd?searched_category_id=321&service_area=1674336,NA,concordia-homes-ltd,2008-03-04T16:55:15.000-05:00,NA,NA,NA,NA,NA,NA,NA,NA,NA,NA,NA,NA,NA,FALSE,FALSE,NA,NA,FALSE,FALSE,NA,1724184,Concordia Homes Ltd,0,0,0,NA,"Builders, Home Builders, Home Contractors, residential builders, home construction companies, residential building contractor, builder, construction builders, local home builders, custom home builders, master builders, general builders, new home builders, building contractors, custom home builders, luxury home builders, ,",0,NA,NA,FALSE,0,0,0,NA,FALSE,NA,FALSE,FALSE,FALSE,1674336,0,321,NA,NA,NA
https://homestars.com/on/pitt%20meadows/builders,70,"c(""https://homestars.com/on/pitt%20meadows/builders?&page=2&"", ""https://homestars.com/on/pitt%20meadows/builders?&page=3&"", ""https://homestars.com/on/pitt%20meadows/builders?&page=4&"", ""https://homestars.com/on/pitt%20meadows/builders?&page=5&"", ""https://homestars.com/on/pitt%20meadows/builders?&page=6&"", ""https://homestars.com/on/pitt%20meadows/builders?&page=7&"")",Builders,196624,NA,/companies/196624-b-v-industries-ltd?searched_category_id=321&service_area=1818852,NA,b-v-industries-ltd,2006-09-21T20:00:00.000-04:00,NA,NA,NA,NA,NA,NA,NA,0,0,NA,NA,NA,NA,FALSE,FALSE,NA,NA,FALSE,FALSE,NA,53511,B V Industries Ltd,0,0,0,NA,"Builders, Home Builders, Home Contractors, residential builders, home construction companies, residential building contractor, builder, construction builders, local home builders, custom home builders, master builders, general builders, new home builders, building contractors, custom home builders, luxury home builders, ,",0,NA,NA,FALSE,0,0,0,NA,FALSE,NA,FALSE,FALSE,FALSE,1818852,0,321,NA,NA,NA
https://homestars.com/on/pitt%20meadows/builders,70,"c(""https://homestars.com/on/pitt%20meadows/builders?&page=2&"", ""https://homestars.com/on/pitt%20meadows/builders?&page=3&"", ""https://homestars.com/on/pitt%20meadows/builders?&page=4&"", ""https://homestars.com/on/pitt%20meadows/builders?&page=5&"", ""https://homestars.com/on/pitt%20meadows/builders?&page=6&"", ""https://homestars.com/on/pitt%20meadows/builders?&page=7&"")",Builders,198382,NA,/companies/198382-braaksma-homes?searched_category_id=321&service_area=1819117,NA,braaksma-homes,2006-09-21T20:00:00.000-04:00,NA,NA,NA,NA,NA,NA,NA,0,0,NA,NA,NA,NA,FALSE,FALSE,NA,NA,FALSE,FALSE,NA,54893,Braaksma Homes,0,0,0,NA,"Builders, Home Builders, Home Contractors, residential builders, home construction companies, residential building contractor, builder, construction builders, local home builders, custom home builders, master builders, general builders, new home builders, building contractors, custom home builders, luxury home builders, ,",0,NA,NA,FALSE,0,0,0,NA,FALSE,NA,FALSE,FALSE,FALSE,1819117,0,321,NA,NA,NA
https://homestars.com/on/pitt%20meadows/builders,70,"c(""https://homestars.com/on/pitt%20meadows/builders?&page=2&"", ""https://homestars.com/on/pitt%20meadows/builders?&page=3&"", ""https://homestars.com/on/pitt%20meadows/builders?&page=4&"", ""https://homestars.com/on/pitt%20meadows/builders?&page=5&"", ""https://homestars.com/on/pitt%20meadows/builders?&page=6&"", ""https://homestars.com/on/pitt%20meadows/builders?&page=7&"")",Builders,228035,NA,/companies/228035-true-craft-log-structures-co?searched_category_id=321&service_area=1824018,NA,true-craft-log-structures-co,2006-09-21T20:00:00.000-04:00,NA,NA,NA,NA,NA,NA,NA,0,0,NA,NA,NA,NA,FALSE,FALSE,NA,NA,FALSE,FALSE,NA,78655,True-Craft Log Structures Co,0,0,0,NA,"Builders, Home Builders, Home Contractors, residential builders, home construction companies, residential building contractor, builder, construction builders, local home builders, custom home builders, master builders, general builders, new home builders, building contractors, custom home builders, luxury home builders, ,",0,NA,NA,FALSE,0,0,0,NA,FALSE,NA,FALSE,FALSE,FALSE,1824018,0,321,NA,NA,NA
https://homestars.com/on/pitt%20meadows/builders,70,"c(""https://homestars.com/on/pitt%20meadows/builders?&page=2&"", ""https://homestars.com/on/pitt%20meadows/builders?&page=3&"", ""https://homestars.com/on/pitt%20meadows/builders?&page=4&"", ""https://homestars.com/on/pitt%20meadows/builders?&page=5&"", ""https://homestars.com/on/pitt%20meadows/builders?&page=6&"", ""https://homestars.com/on/pitt%20meadows/builders?&page=7&"")",Builders,2749619,NA,/companies/2749619-blackwater-heavy-hauler-industrial-movers-ltd?searched_category_id=321&service_area=1762823,NA,blackwater-heavy-hauler-industrial-movers-ltd,2008-03-04T16:55:15.000-05:00,NA,NA,NA,NA,NA,NA,NA,NA,NA,NA,NA,NA,NA,FALSE,FALSE,NA,NA,FALSE,FALSE,NA,1812671,Blackwater Heavy Hauler & Industrial Movers Ltd,0,0,0,NA,"Builders, Home Builders, Home Contractors, residential builders, home construction companies, residential building contractor, builder, construction builders, local home builders, custom home builders, master builders, general builders, new home builders, building contractors, custom home builders, luxury home builders, ,",0,NA,NA,FALSE,0,0,0,NA,FALSE,NA,FALSE,FALSE,FALSE,1762823,0,321,NA,NA,NA
https://homestars.com/on/pitt%20meadows/builders,70,"c(""https://homestars.com/on/pitt%20meadows/builders?&page=2&"", ""https://homestars.com/on/pitt%20meadows/builders?&page=3&"", ""https://homestars.com/on/pitt%20meadows/builders?&page=4&"", ""https://homestars.com/on/pitt%20meadows/builders?&page=5&"", ""https://homestars.com/on/pitt%20meadows/builders?&page=6&"", ""https://homestars.com/on/pitt%20meadows/builders?&page=7&"")",Builders,2743467,NA,/companies/2743467-shangri-la-gardens-ltd?searched_category_id=321&service_area=1756671,NA,shangri-la-gardens-ltd,2008-03-04T16:55:15.000-05:00,NA,NA,NA,NA,NA,NA,NA,NA,NA,NA,NA,NA,NA,FALSE,FALSE,NA,NA,FALSE,FALSE,NA,1806519,Shangri-La Gardens Ltd,0,0,0,NA,"Builders, Home Builders, Home Contractors, residential builders, home construction companies, residential building contractor, builder, construction builders, local home builders, custom home builders, master builders, general builders, new home builders, building contractors, custom home builders, luxury home builders, ,",0,NA,NA,FALSE,0,0,0,NA,FALSE,NA,FALSE,FALSE,FALSE,1756671,0,321,NA,NA,NA
https://homestars.com/on/pitt%20meadows/builders,70,"c(""https://homestars.com/on/pitt%20meadows/builders?&page=2&"", ""https://homestars.com/on/pitt%20meadows/builders?&page=3&"", ""https://homestars.com/on/pitt%20meadows/builders?&page=4&"", ""https://homestars.com/on/pitt%20meadows/builders?&page=5&"", ""https://homestars.com/on/pitt%20meadows/builders?&page=6&"", ""https://homestars.com/on/pitt%20meadows/builders?&page=7&"")",Builders,2732160,NA,/companies/2732160-geo-tec-concepts-ltd?searched_category_id=321&service_area=1745364,NA,geo-tec-concepts-ltd,2008-03-04T16:55:15.000-05:00,NA,NA,NA,NA,NA,NA,NA,NA,NA,NA,NA,NA,NA,FALSE,FALSE,NA,NA,FALSE,FALSE,NA,1795212,Geo-Tec Concepts Ltd,0,0,0,NA,"Builders, Home Builders, Home Contractors, residential builders, home construction companies, residential building contractor, builder, construction builders, local home builders, custom home builders, master builders, general builders, new home builders, building contractors, custom home builders, luxury home builders, ,",0,NA,NA,FALSE,0,0,0,NA,FALSE,NA,FALSE,FALSE,FALSE,1745364,0,321,NA,NA,NA
https://homestars.com/on/pitt%20meadows/builders,70,"c(""https://homestars.com/on/pitt%20meadows/builders?&page=2&"", ""https://homestars.com/on/pitt%20meadows/builders?&page=3&"", ""https://homestars.com/on/pitt%20meadows/builders?&page=4&"", ""https://homestars.com/on/pitt%20meadows/builders?&page=5&"", ""https://homestars.com/on/pitt%20meadows/builders?&page=6&"", ""https://homestars.com/on/pitt%20meadows/builders?&page=7&"")",Builders,2749391,NA,/companies/2749391-b-c-i-t-forest-society?searched_category_id=321&service_area=1762595,NA,b-c-i-t-forest-society,2008-03-04T16:55:15.000-05:00,NA,NA,NA,NA,NA,NA,NA,NA,NA,NA,NA,NA,NA,FALSE,FALSE,NA,NA,FALSE,FALSE,NA,1812443,B C I T Forest Society,0,0,0,NA,"Builders, Home Builders, Home Contractors, residential builders, home construction companies, residential building contractor, builder, construction builders, local home builders, custom home builders, master builders, general builders, new home builders, building contractors, custom home builders, luxury home builders, ,",0,NA,NA,FALSE,0,0,0,NA,FALSE,NA,FALSE,FALSE,FALSE,1762595,0,321,NA,NA,NA
https://homestars.com/on/pitt%20meadows/builders,70,"c(""https://homestars.com/on/pitt%20meadows/builders?&page=2&"", ""https://homestars.com/on/pitt%20meadows/builders?&page=3&"", ""https://homestars.com/on/pitt%20meadows/builders?&page=4&"", ""https://homestars.com/on/pitt%20meadows/builders?&page=5&"", ""https://homestars.com/on/pitt%20meadows/builders?&page=6&"", ""https://homestars.com/on/pitt%20meadows/builders?&page=7&"")",Builders,203708,NA,/companies/203708-dewdney-construction-ltd?searched_category_id=321&service_area=1820006,NA,dewdney-construction-ltd,2006-09-21T20:00:00.000-04:00,NA,NA,NA,NA,NA,NA,NA,0,0,NA,NA,NA,NA,FALSE,FALSE,NA,NA,FALSE,FALSE,NA,59161,Dewdney Construction Ltd,0,0,0,NA,"Builders, Home Builders, Home Contractors, residential builders, home construction companies, residential building contractor, builder, construction builders, local home builders, custom home builders, master builders, general builders, new home builders, building contractors, custom home builders, luxury home builders, ,",0,NA,NA,FALSE,0,0,0,NA,FALSE,NA,FALSE,FALSE,FALSE,1820006,0,321,NA,NA,NA
https://homestars.com/on/pitt%20meadows/builders,70,"c(""https://homestars.com/on/pitt%20meadows/builders?&page=2&"", ""https://homestars.com/on/pitt%20meadows/builders?&page=3&"", ""https://homestars.com/on/pitt%20meadows/builders?&page=4&"", ""https://homestars.com/on/pitt%20meadows/builders?&page=5&"", ""https://homestars.com/on/pitt%20meadows/builders?&page=6&"", ""https://homestars.com/on/pitt%20meadows/builders?&page=7&"")",Builders,2745109,NA,/companies/2745109-tritec-builders-ltd?searched_category_id=321&service_area=1758313,NA,tritec-builders-ltd,2008-03-04T16:55:15.000-05:00,NA,NA,NA,NA,NA,NA,NA,NA,NA,NA,NA,NA,NA,FALSE,FALSE,NA,NA,FALSE,FALSE,NA,1808161,Tritec Builders Ltd,0,0,0,NA,"Builders, Home Builders, Home Contractors, residential builders, home construction companies, residential building contractor, builder, construction builders, local home builders, custom home builders, master builders, general builders, new home builders, building contractors, custom home builders, luxury home builders, ,",0,NA,NA,FALSE,0,0,0,NA,FALSE,NA,FALSE,FALSE,FALSE,1758313,0,321,NA,NA,NA
https://homestars.com/on/pitt%20meadows/builders,70,"c(""https://homestars.com/on/pitt%20meadows/builders?&page=2&"", ""https://homestars.com/on/pitt%20meadows/builders?&page=3&"", ""https://homestars.com/on/pitt%20meadows/builders?&page=4&"", ""https://homestars.com/on/pitt%20meadows/builders?&page=5&"", ""https://homestars.com/on/pitt%20meadows/builders?&page=6&"", ""https://homestars.com/on/pitt%20meadows/builders?&page=7&"")",Builders,207930,NA,/companies/207930-geo-tec-concepts-ltd?searched_category_id=321&service_area=1820691,NA,geo-tec-concepts-ltd,2006-09-21T20:00:00.000-04:00,NA,NA,NA,NA,NA,NA,NA,0,0,NA,NA,NA,NA,FALSE,FALSE,NA,NA,FALSE,FALSE,NA,62633,Geo-Tec Concepts Ltd,0,0,0,NA,"Builders, Home Builders, Home Contractors, residential builders, home construction companies, residential building contractor, builder, construction builders, local home builders, custom home builders, master builders, general builders, new home builders, building contractors, custom home builders, luxury home builders, ,",0,NA,NA,FALSE,0,0,0,NA,FALSE,NA,FALSE,FALSE,FALSE,1820691,0,321,NA,NA,NA
https://homestars.com/on/pitt%20meadows/builders,70,"c(""https://homestars.com/on/pitt%20meadows/builders?&page=2&"", ""https://homestars.com/on/pitt%20meadows/builders?&page=3&"", ""https://homestars.com/on/pitt%20meadows/builders?&page=4&"", ""https://homestars.com/on/pitt%20meadows/builders?&page=5&"", ""https://homestars.com/on/pitt%20meadows/builders?&page=6&"", ""https://homestars.com/on/pitt%20meadows/builders?&page=7&"")",Builders,211784,NA,/companies/211784-japan-canadian-log-ark-ltd?searched_category_id=321&service_area=1821269,NA,japan-canadian-log-ark-ltd,2006-09-21T20:00:00.000-04:00,NA,NA,NA,NA,NA,NA,NA,0,0,NA,NA,NA,NA,FALSE,FALSE,NA,NA,FALSE,FALSE,NA,65740,Japan-Canadian Log Ark Ltd,0,0,0,NA,"Builders, Home Builders, Home Contractors, residential builders, home construction companies, residential building contractor, builder, construction builders, local home builders, custom home builders, master builders, general builders, new home builders, building contractors, custom home builders, luxury home builders, ,",0,NA,NA,FALSE,0,0,0,NA,FALSE,NA,FALSE,FALSE,FALSE,1821269,0,321,NA,NA,NA
https://homestars.com/on/pitt%20meadows/builders,70,"c(""https://homestars.com/on/pitt%20meadows/builders?&page=2&"", ""https://homestars.com/on/pitt%20meadows/builders?&page=3&"", ""https://homestars.com/on/pitt%20meadows/builders?&page=4&"", ""https://homestars.com/on/pitt%20meadows/builders?&page=5&"", ""https://homestars.com/on/pitt%20meadows/builders?&page=6&"", ""https://homestars.com/on/pitt%20meadows/builders?&page=7&"")",Builders,2725447,NA,/companies/2725447-dave-gallacher-construction?searched_category_id=321&service_area=1738651,NA,dave-gallacher-construction,2008-03-04T16:55:15.000-05:00,NA,NA,NA,NA,NA,NA,NA,NA,NA,NA,NA,NA,NA,FALSE,FALSE,NA,NA,FALSE,FALSE,NA,1788499,Dave Gallacher Construction,0,0,0,NA,"Builders, Home Builders, Home Contractors, residential builders, home construction companies, residential building contractor, builder, construction builders, local home builders, custom home builders, master builders, general builders, new home builders, building contractors, custom home builders, luxury home builders, ,",0,NA,NA,FALSE,0,0,0,NA,FALSE,NA,FALSE,FALSE,FALSE,1738651,0,321,NA,NA,NA
https://homestars.com/on/pitt%20meadows/builders,70,"c(""https://homestars.com/on/pitt%20meadows/builders?&page=2&"", ""https://homestars.com/on/pitt%20meadows/builders?&page=3&"", ""https://homestars.com/on/pitt%20meadows/builders?&page=4&"", ""https://homestars.com/on/pitt%20meadows/builders?&page=5&"", ""https://homestars.com/on/pitt%20meadows/builders?&page=6&"", ""https://homestars.com/on/pitt%20meadows/builders?&page=7&"")",Builders,2733298,NA,/companies/2733298-grand-sierra-construction-ltd?searched_category_id=321&service_area=1746502,NA,grand-sierra-construction-ltd,2008-03-04T16:55:15.000-05:00,NA,NA,NA,NA,NA,NA,NA,NA,NA,NA,NA,NA,NA,FALSE,FALSE,NA,NA,FALSE,FALSE,NA,1796350,Grand Sierra Construction Ltd,0,0,0,NA,"Builders, Home Builders, Home Contractors, residential builders, home construction companies, residential building contractor, builder, construction builders, local home builders, custom home builders, master builders, general builders, new home builders, building contractors, custom home builders, luxury home builders, ,",0,NA,NA,FALSE,0,0,0,NA,FALSE,NA,FALSE,FALSE,FALSE,1746502,0,321,NA,NA,NA
https://homestars.com/on/pitt%20meadows/builders,70,"c(""https://homestars.com/on/pitt%20meadows/builders?&page=2&"", ""https://homestars.com/on/pitt%20meadows/builders?&page=3&"", ""https://homestars.com/on/pitt%20meadows/builders?&page=4&"", ""https://homestars.com/on/pitt%20meadows/builders?&page=5&"", ""https://homestars.com/on/pitt%20meadows/builders?&page=6&"", ""https://homestars.com/on/pitt%20meadows/builders?&page=7&"")",Builders,2747208,NA,/companies/2747208-can-cell-industries-inc?searched_category_id=321&service_area=1760412,NA,can-cell-industries-inc,2008-03-04T16:55:15.000-05:00,NA,NA,NA,NA,NA,NA,NA,NA,NA,NA,NA,NA,NA,FALSE,FALSE,NA,NA,FALSE,FALSE,NA,1810260,Can-Cell Industries Inc,0,0,0,NA,"Builders, Home Builders, Home Contractors, residential builders, home construction companies, residential building contractor, builder, construction builders, local home builders, custom home builders, master builders, general builders, new home builders, building contractors, custom home builders, luxury home builders, ,",0,NA,NA,FALSE,0,0,0,NA,FALSE,NA,FALSE,FALSE,FALSE,1760412,0,321,NA,NA,NA
https://homestars.com/on/pitt%20meadows/builders,70,"c(""https://homestars.com/on/pitt%20meadows/builders?&page=2&"", ""https://homestars.com/on/pitt%20meadows/builders?&page=3&"", ""https://homestars.com/on/pitt%20meadows/builders?&page=4&"", ""https://homestars.com/on/pitt%20meadows/builders?&page=5&"", ""https://homestars.com/on/pitt%20meadows/builders?&page=6&"", ""https://homestars.com/on/pitt%20meadows/builders?&page=7&"")",Builders,2749902,NA,/companies/2749902-canadian-sourcing-services-inc?searched_category_id=321&service_area=1763106,NA,canadian-sourcing-services-inc,2008-03-04T16:55:15.000-05:00,NA,NA,NA,NA,NA,NA,NA,NA,NA,NA,NA,NA,NA,FALSE,FALSE,NA,NA,FALSE,FALSE,NA,1812954,Canadian Sourcing Services Inc,0,0,0,NA,"Builders, Home Builders, Home Contractors, residential builders, home construction companies, residential building contractor, builder, construction builders, local home builders, custom home builders, master builders, general builders, new home builders, building contractors, custom home builders, luxury home builders, ,",0,NA,NA,FALSE,0,0,0,NA,FALSE,NA,FALSE,FALSE,FALSE,1763106,0,321,NA,NA,NA
https://homestars.com/on/pitt%20meadows/builders,70,"c(""https://homestars.com/on/pitt%20meadows/builders?&page=2&"", ""https://homestars.com/on/pitt%20meadows/builders?&page=3&"", ""https://homestars.com/on/pitt%20meadows/builders?&page=4&"", ""https://homestars.com/on/pitt%20meadows/builders?&page=5&"", ""https://homestars.com/on/pitt%20meadows/builders?&page=6&"", ""https://homestars.com/on/pitt%20meadows/builders?&page=7&"")",Builders,2692897,NA,/companies/2692897-summit-ridge-homes-ltd?searched_category_id=321&service_area=1706101,NA,summit-ridge-homes-ltd,2008-03-04T16:55:15.000-05:00,NA,NA,NA,NA,NA,NA,NA,NA,NA,NA,NA,NA,NA,FALSE,FALSE,NA,NA,FALSE,FALSE,NA,1755949,Summit Ridge Homes Ltd,0,0,0,NA,"Builders, Home Builders, Home Contractors, residential builders, home construction companies, residential building contractor, builder, construction builders, local home builders, custom home builders, master builders, general builders, new home builders, building contractors, custom home builders, luxury home builders, ,",0,NA,NA,FALSE,0,0,0,NA,FALSE,NA,FALSE,FALSE,FALSE,1706101,0,321,NA,NA,NA
https://homestars.com/on/pitt%20meadows/builders,70,"c(""https://homestars.com/on/pitt%20meadows/builders?&page=2&"", ""https://homestars.com/on/pitt%20meadows/builders?&page=3&"", ""https://homestars.com/on/pitt%20meadows/builders?&page=4&"", ""https://homestars.com/on/pitt%20meadows/builders?&page=5&"", ""https://homestars.com/on/pitt%20meadows/builders?&page=6&"", ""https://homestars.com/on/pitt%20meadows/builders?&page=7&"")",Builders,2931410,NA,/companies/2931410-hw-construction?searched_category_id=321&service_area=2197895,NA,hw-construction,2019-05-25T10:59:41.000-04:00,NA,NA,NA,NA,NA,NA,NA,NA,NA,NA,NA,NA,NA,FALSE,FALSE,NA,NA,FALSE,FALSE,NA,1993584,HW Construction,0,0,0,NA,"Builders, Home Builders, Home Contractors, residential builders, home construction companies, residential building contractor, builder, construction builders, local home builders, custom home builders, master builders, general builders, new home builders, building contractors, custom home builders, luxury home builders, ,",0,NA,NA,FALSE,0,0,0,0,FALSE,NA,FALSE,FALSE,FALSE,2197895,0,321,NA,NA,NA
https://homestars.com/on/pitt%20meadows/builders,70,"c(""https://homestars.com/on/pitt%20meadows/builders?&page=2&"", ""https://homestars.com/on/pitt%20meadows/builders?&page=3&"", ""https://homestars.com/on/pitt%20meadows/builders?&page=4&"", ""https://homestars.com/on/pitt%20meadows/builders?&page=5&"", ""https://homestars.com/on/pitt%20meadows/builders?&page=6&"", ""https://homestars.com/on/pitt%20meadows/builders?&page=7&"")",Builders,208087,NA,/companies/208087-gilco-construction?searched_category_id=321&service_area=1820709,NA,gilco-construction,2006-09-21T20:00:00.000-04:00,NA,NA,NA,NA,NA,NA,NA,0,0,NA,NA,NA,NA,FALSE,FALSE,NA,NA,FALSE,FALSE,NA,62756,Gilco Construction,0,0,0,NA,"Builders, Home Builders, Home Contractors, residential builders, home construction companies, residential building contractor, builder, construction builders, local home builders, custom home builders, master builders, general builders, new home builders, building contractors, custom home builders, luxury home builders, ,",0,NA,NA,FALSE,0,0,0,NA,FALSE,NA,FALSE,FALSE,FALSE,1820709,0,321,NA,NA,NA
https://homestars.com/on/pitt%20meadows/builders,70,"c(""https://homestars.com/on/pitt%20meadows/builders?&page=2&"", ""https://homestars.com/on/pitt%20meadows/builders?&page=3&"", ""https://homestars.com/on/pitt%20meadows/builders?&page=4&"", ""https://homestars.com/on/pitt%20meadows/builders?&page=5&"", ""https://homestars.com/on/pitt%20meadows/builders?&page=6&"", ""https://homestars.com/on/pitt%20meadows/builders?&page=7&"")",Builders,2769804,NA,/companies/2769804-oakvale-developments-ltd?searched_category_id=321&service_area=1783008,NA,oakvale-developments-ltd,2008-03-04T16:55:15.000-05:00,NA,NA,NA,NA,NA,NA,NA,NA,NA,NA,NA,NA,NA,FALSE,FALSE,NA,NA,FALSE,FALSE,NA,1832856,Oakvale Developments Ltd,0,0,0,NA,"Builders, Home Builders, Home Contractors, residential builders, home construction companies, residential building contractor, builder, construction builders, local home builders, custom home builders, master builders, general builders, new home builders, building contractors, custom home builders, luxury home builders, ,",0,NA,NA,FALSE,0,0,0,NA,FALSE,NA,FALSE,FALSE,FALSE,1783008,0,321,NA,NA,NA
https://homestars.com/on/pitt%20meadows/builders,70,"c(""https://homestars.com/on/pitt%20meadows/builders?&page=2&"", ""https://homestars.com/on/pitt%20meadows/builders?&page=3&"", ""https://homestars.com/on/pitt%20meadows/builders?&page=4&"", ""https://homestars.com/on/pitt%20meadows/builders?&page=5&"", ""https://homestars.com/on/pitt%20meadows/builders?&page=6&"", ""https://homestars.com/on/pitt%20meadows/builders?&page=7&"")",Builders,2694388,NA,/companies/2694388-tuscan-homes-inc?searched_category_id=321&service_area=1707592,NA,tuscan-homes-inc,2008-03-04T16:55:15.000-05:00,NA,NA,NA,NA,NA,NA,NA,NA,NA,NA,NA,NA,NA,FALSE,FALSE,NA,NA,FALSE,FALSE,NA,1757440,Tuscan Homes Inc,0,0,0,NA,"Builders, Home Builders, Home Contractors, residential builders, home construction companies, residential building contractor, builder, construction builders, local home builders, custom home builders, master builders, general builders, new home builders, building contractors, custom home builders, luxury home builders, ,",0,NA,NA,FALSE,0,0,0,NA,FALSE,NA,FALSE,FALSE,FALSE,1707592,0,321,NA,NA,NA
https://homestars.com/on/pitt%20meadows/builders,70,"c(""https://homestars.com/on/pitt%20meadows/builders?&page=2&"", ""https://homestars.com/on/pitt%20meadows/builders?&page=3&"", ""https://homestars.com/on/pitt%20meadows/builders?&page=4&"", ""https://homestars.com/on/pitt%20meadows/builders?&page=5&"", ""https://homestars.com/on/pitt%20meadows/builders?&page=6&"", ""https://homestars.com/on/pitt%20meadows/builders?&page=7&"")",Builders,2751769,NA,/companies/2751769-premium-quality-forest-products-inc?searched_category_id=321&service_area=1764973,NA,premium-quality-forest-products-inc,2008-03-04T16:55:15.000-05:00,NA,NA,NA,NA,NA,NA,NA,NA,NA,NA,NA,NA,NA,FALSE,FALSE,NA,NA,FALSE,FALSE,NA,1814821,Premium Quality Forest Products Inc,0,0,0,NA,"Builders, Home Builders, Home Contractors, residential builders, home construction companies, residential building contractor, builder, construction builders, local home builders, custom home builders, master builders, general builders, new home builders, building contractors, custom home builders, luxury home builders, ,",0,NA,NA,FALSE,0,0,0,NA,FALSE,NA,FALSE,FALSE,FALSE,1764973,0,321,NA,NA,NA
